{"node_types": ["Disease", "Chemical"], "nodes": [{"index": 0, "score": 10, "links": [1, 2, 3, 4, 5, 6, 7, 8, 9, 10, 11, 12, 13, 14, 15, 16, 17, 18, 19, 20, 21, 22, 23, 24, 25, 26, 27, 28, 29], "level": 3, "pmid": [0, 1, 2, 3, 4, 5, 6, 7, 8, 9, 10, 11, 12, 13, 14], "title": "headache", "type": "Disease", "id": 0, "label": "headache"}, {"index": 1, "score": 8, "links": [0, 30, 31], "level": 3, "pmid": [8], "title": "flurbiprofen", "type": "Chemical", "id": 1, "label": "Flurbiprofen"}, {"index": 2, "score": 8, "links": [0, 32], "level": 3, "pmid": [15, 16, 17, 18, 19, 20, 21, 22, 23, 24, 25, 26, 27, 28, 14], "title": "gentamicin", "type": "Chemical", "id": 2, "label": "gentamicin"}, {"index": 3, "score": 8, "links": [0], "level": 3, "pmid": [29, 30, 31, 32, 33, 14], "title": "methylprednisolone", "type": "Chemical", "id": 3, "label": "methylprednisolone"}, {"index": 4, "score": 8, "links": [0], "level": 3, "pmid": [6], "title": "cinacalcet", "type": "Chemical", "id": 4, "label": "cinacalcet"}, {"index": 5, "score": 8, "links": [0], "level": 3, "pmid": [6], "title": "cinacalcet hcl", "type": "Chemical", "id": 5, "label": "cinacalcet HCl"}, {"index": 6, "score": 8, "links": [0], "level": 3, "pmid": [34, 35, 6, 36], "title": "desipramine", "type": "Chemical", "id": 6, "label": "desipramine"}, {"index": 7, "score": 8, "links": [0], "level": 3, "pmid": [6], "title": "desipramine hcl", "type": "Chemical", "id": 7, "label": "desipramine HCl"}, {"index": 8, "score": 8, "links": [0], "level": 3, "pmid": [37, 38, 39, 40, 41, 42, 9, 43, 44, 45, 46], "title": "nicotine", "type": "Chemical", "id": 8, "label": "Nicotine"}, {"index": 9, "score": 8, "links": [0], "level": 3, "pmid": [13], "title": "bpt", "type": "Chemical", "id": 9, "label": "BPT"}, {"index": 10, "score": 8, "links": [0], "level": 3, "pmid": [13], "title": "beraprost", "type": "Chemical", "id": 10, "label": "beraprost"}, {"index": 11, "score": 8, "links": [0], "level": 3, "pmid": [13], "title": "clz", "type": "Chemical", "id": 11, "label": "CLZ"}, {"index": 12, "score": 8, "links": [0], "level": 3, "pmid": [13], "title": "cilostazol", "type": "Chemical", "id": 12, "label": "cilostazol"}, {"index": 13, "score": 8, "links": [0], "level": 3, "pmid": [47, 48, 10], "title": "amisulpride", "type": "Chemical", "id": 13, "label": "amisulpride"}, {"index": 14, "score": 8, "links": [0], "level": 3, "pmid": [10, 49], "title": "tiapride", "type": "Chemical", "id": 14, "label": "tiapride"}, {"index": 15, "score": 8, "links": [0], "level": 3, "pmid": [0, 50, 3, 51], "title": "glyceryl trinitrate", "type": "Chemical", "id": 15, "label": "glyceryl trinitrate"}, {"index": 16, "score": 8, "links": [0], "level": 3, "pmid": [0, 50, 3, 51], "title": "gtn", "type": "Chemical", "id": 16, "label": "GTN"}, {"index": 17, "score": 8, "links": [0], "level": 3, "pmid": [0, 52, 53, 51, 54], "title": "no", "type": "Chemical", "id": 17, "label": "NO"}, {"index": 18, "score": 8, "links": [0], "level": 3, "pmid": [0, 52, 53, 51], "title": "nitric oxide", "type": "Chemical", "id": 18, "label": "nitric oxide"}, {"index": 19, "score": 8, "links": [0, 31], "level": 3, "pmid": [55, 56, 57, 58, 7, 59], "title": "zidovudine", "type": "Chemical", "id": 19, "label": "zidovudine"}, {"index": 20, "score": 8, "links": [0], "level": 3, "pmid": [60, 61, 62, 7, 63], "title": "azidothymidine", "type": "Chemical", "id": 20, "label": "Azidothymidine"}, {"index": 21, "score": 8, "links": [0], "level": 3, "pmid": [4, 64, 65, 66, 67], "title": "amlodipine", "type": "Chemical", "id": 21, "label": "amlodipine"}, {"index": 22, "score": 8, "links": [0], "level": 3, "pmid": [4], "title": "telmisartan", "type": "Chemical", "id": 22, "label": "telmisartan"}, {"index": 23, "score": 8, "links": [0], "level": 3, "pmid": [1], "title": "isradipine", "type": "Chemical", "id": 23, "label": "isradipine"}, {"index": 24, "score": 8, "links": [0], "level": 3, "pmid": [12], "title": "calcium channel blockers", "type": "Chemical", "id": 24, "label": "calcium channel blockers"}, {"index": 25, "score": 8, "links": [0], "level": 3, "pmid": [12], "title": "calcium channel blocking agents", "type": "Chemical", "id": 25, "label": "calcium channel blocking agents"}, {"index": 26, "score": 8, "links": [0], "level": 3, "pmid": [2], "title": "kytril", "type": "Chemical", "id": 26, "label": "Kytril"}, {"index": 27, "score": 8, "links": [0], "level": 3, "pmid": [2], "title": "granisetron", "type": "Chemical", "id": 27, "label": "Granisetron"}, {"index": 28, "score": 8, "links": [0], "level": 3, "pmid": [68, 11], "title": "methoxamine", "type": "Chemical", "id": 28, "label": "Methoxamine"}, {"index": 29, "score": 8, "links": [0], "level": 3, "pmid": [5], "title": "glycopyrrolate", "type": "Chemical", "id": 29, "label": "glycopyrrolate"}, {"index": 30, "score": 8, "links": [1], "level": 3, "pmid": [8], "title": "gastrointestinal (gi) bleeding", "type": "Disease", "id": 30, "label": "gastrointestinal (GI) bleeding"}, {"index": 31, "score": 8, "links": [1, 19], "level": 3, "pmid": [69, 70, 55, 8, 71, 72, 73, 74], "title": "abdominal pain", "type": "Disease", "id": 31, "label": "abdominal pain"}, {"index": 32, "score": 8, "links": [2], "level": 3, "pmid": [75, 21, 76, 77, 78, 79], "title": "hearing loss", "type": "Disease", "id": 32, "label": "hearing loss"}], "pmids": [{"url": "11284996", "index": 0, "title": "Calcitonin gene-related peptide levels during nitric oxide-induced headache in patients with chronic tension-type headache."}, {"url": "1451544", "index": 1, "title": "Isradipine treatment for hypertension in general practice in Hong Kong."}, {"url": "7931490", "index": 2, "title": "Efficacy and safety of granisetron, a selective 5-hydroxytryptamine-3 receptor antagonist, in the prevention of nausea and vomiting induced by high-dose cisplatin."}, {"url": "11915580", "index": 3, "title": "A comparison of glyceryl trinitrate with diclofenac for the treatment of primary dysmenorrhea: an open, randomized, cross-over trial."}, {"url": "18201582", "index": 4, "title": "Results of a comparative, phase III, 12-week, multicenter, prospective, randomized, double-blind assessment of the efficacy and tolerability of a fixed-dose combination of telmisartan and amlodipine versus amlodipine monotherapy in Indian adults with stage II hypertension."}, {"url": "12950111", "index": 5, "title": "Treatment of compensatory gustatory hyperhidrosis with topical glycopyrrolate."}, {"url": "16680561", "index": 6, "title": "Pharmacokinetics of desipramine HCl when administered with cinacalcet HCl."}, {"url": "2528969", "index": 7, "title": "Nature, time course and dose dependence of zidovudine-related side effects: results from the Multicenter Canadian Azidothymidine Trial."}, {"url": "3560095", "index": 8, "title": "Flurbiprofen in the treatment of juvenile rheumatoid arthritis."}, {"url": "16330293", "index": 9, "title": "Safety profile of a nicotine lozenge compared with that of nicotine gum in adult smokers with underlying medical conditions: a 12-week, randomized, open-label study."}, {"url": "15811908", "index": 10, "title": "Pheochromocytoma unmasked by amisulpride and tiapride."}, {"url": "11135381", "index": 11, "title": "Effect of methoxamine on maximum urethral pressure in women with genuine stress incontinence: a placebo-controlled, double-blind crossover study."}, {"url": "3323259", "index": 12, "title": "Differential effects of 1,4-dihydropyridine calcium channel blockers: therapeutic implications."}, {"url": "7596955", "index": 13, "title": "Clinical evaluation on combined administration of oral prostacyclin analogue beraprost and phosphodiesterase inhibitor cilostazol."}, {"url": "17466854", "index": 14, "title": "Side effects of postoperative administration of methylprednisolone and gentamicin into the posterior sub-Tenon's space."}, {"url": "3560095", "index": 8, "title": "Flurbiprofen in the treatment of juvenile rheumatoid arthritis."}, {"url": "3560095", "index": 8, "title": "Flurbiprofen in the treatment of juvenile rheumatoid arthritis."}, {"url": "19893084", "index": 15, "title": "Dynamic response of blood vessel in acute renal failure."}, {"url": "12617329", "index": 16, "title": "The effect of treatment with gum Arabic on gentamicin nephrotoxicity in rats: a preliminary study."}, {"url": "24923469", "index": 17, "title": "Standard operating procedures for antibiotic therapy and the occurrence of acute kidney injury: a prospective, clinical, non-interventional, observational study."}, {"url": "19967075", "index": 18, "title": "Decreased Expression of Na/K-ATPase, NHE3, NBC1, AQP1 and OAT in Gentamicin-induced Nephropathy."}, {"url": "2907577", "index": 19, "title": "Effect of alkylxanthines on gentamicin-induced acute renal failure in the rat."}, {"url": "7420681", "index": 20, "title": "Clinical nephrotoxicity of tobramycin and gentamicin. A prospective study."}, {"url": "16298782", "index": 21, "title": "Nitro-L-arginine methyl ester: a potential protector against gentamicin ototoxicity."}, {"url": "20164825", "index": 22, "title": "Metformin prevents experimental gentamicin-induced nephropathy by a mitochondria-dependent pathway."}, {"url": "6728084", "index": 23, "title": "Nephrotoxic effects of aminoglycoside treatment on renal protein reabsorption and accumulation."}, {"url": "15627798", "index": 24, "title": "Inhibition of nuclear factor-kappaB activation attenuates tubulointerstitial nephritis induced by gentamicin."}, {"url": "1130930", "index": 25, "title": "Nephrotoxicity of combined cephalothin-gentamicin regimen."}, {"url": "8160791", "index": 26, "title": "Mechanisms for protective effects of free radical scavengers on gentamicin-mediated nephropathy in rats."}, {"url": "4069770", "index": 27, "title": "Gentamicin nephropathy in a neonate."}, {"url": "2709684", "index": 28, "title": "Phlorizin-induced glycosuria does not prevent gentamicin nephrotoxicity in rats."}, {"url": "17466854", "index": 14, "title": "Side effects of postoperative administration of methylprednisolone and gentamicin into the posterior sub-Tenon's space."}, {"url": "17466854", "index": 14, "title": "Side effects of postoperative administration of methylprednisolone and gentamicin into the posterior sub-Tenon's space."}, {"url": "11058428", "index": 29, "title": "High-dose methylprednisolone may do more harm for spinal cord injury."}, {"url": "8665051", "index": 30, "title": "Effects of acute steroid administration on ventilatory and peripheral muscles in rats."}, {"url": "10074612", "index": 31, "title": "Hypotension, bradycardia, and asystole after high-dose intravenous methylprednisolone in a monitored patient."}, {"url": "24158386", "index": 32, "title": "GEM-P chemotherapy is active in the treatment of relapsed Hodgkin lymphoma."}, {"url": "3798047", "index": 33, "title": "Bradycardia after high-dose intravenous methylprednisolone therapy."}, {"url": "17466854", "index": 14, "title": "Side effects of postoperative administration of methylprednisolone and gentamicin into the posterior sub-Tenon's space."}, {"url": "17466854", "index": 14, "title": "Side effects of postoperative administration of methylprednisolone and gentamicin into the posterior sub-Tenon's space."}, {"url": "16680561", "index": 6, "title": "Pharmacokinetics of desipramine HCl when administered with cinacalcet HCl."}, {"url": "16680561", "index": 6, "title": "Pharmacokinetics of desipramine HCl when administered with cinacalcet HCl."}, {"url": "16680561", "index": 6, "title": "Pharmacokinetics of desipramine HCl when administered with cinacalcet HCl."}, {"url": "16680561", "index": 6, "title": "Pharmacokinetics of desipramine HCl when administered with cinacalcet HCl."}, {"url": "8800187", "index": 34, "title": "Effect of calcium chloride and 4-aminopyridine therapy on desipramine toxicity in rats."}, {"url": "4027862", "index": 35, "title": "Desipramine-induced delirium at \"subtherapeutic\" concentrations: a case report."}, {"url": "16680561", "index": 6, "title": "Pharmacokinetics of desipramine HCl when administered with cinacalcet HCl."}, {"url": "7292072", "index": 36, "title": "Variant ventricular tachycardia in desipramine toxicity."}, {"url": "16680561", "index": 6, "title": "Pharmacokinetics of desipramine HCl when administered with cinacalcet HCl."}, {"url": "16680561", "index": 6, "title": "Pharmacokinetics of desipramine HCl when administered with cinacalcet HCl."}, {"url": "16680561", "index": 6, "title": "Pharmacokinetics of desipramine HCl when administered with cinacalcet HCl."}, {"url": "9245658", "index": 37, "title": "The role of nicotine in smoking-related cardiovascular disease."}, {"url": "1833784", "index": 38, "title": "Evidence for an involvement of D1 and D2 dopamine receptors in mediating nicotine-induced hyperactivity in rats."}, {"url": "12198388", "index": 39, "title": "The relationship between hippocampal acetylcholine release and cholinergic convulsant sensitivity in withdrawal seizure-prone and withdrawal seizure-resistant selected mouse lines."}, {"url": "8073369", "index": 40, "title": "Effect of coniine on the developing chick embryo."}, {"url": "4010471", "index": 41, "title": "Relationship between nicotine-induced seizures and hippocampal nicotinic receptors."}, {"url": "15275829", "index": 42, "title": "The alpha3 and beta4 nicotinic acetylcholine receptor subunits are necessary for nicotine-induced seizures and hypolocomotion in mice."}, {"url": "16330293", "index": 9, "title": "Safety profile of a nicotine lozenge compared with that of nicotine gum in adult smokers with underlying medical conditions: a 12-week, randomized, open-label study."}, {"url": "18417364", "index": 43, "title": "Nicotine-induced nystagmus correlates with midpontine activation."}, {"url": "11900788", "index": 44, "title": "Nicotine potentiation of morphine-induced catalepsy in mice."}, {"url": "3220106", "index": 45, "title": "Receptor mechanisms of nicotine-induced locomotor hyperactivity in chronic nicotine-treated rats."}, {"url": "8741744", "index": 46, "title": "The interpeduncular nucleus regulates nicotine's effects on free-field activity."}, {"url": "16330293", "index": 9, "title": "Safety profile of a nicotine lozenge compared with that of nicotine gum in adult smokers with underlying medical conditions: a 12-week, randomized, open-label study."}, {"url": "7596955", "index": 13, "title": "Clinical evaluation on combined administration of oral prostacyclin analogue beraprost and phosphodiesterase inhibitor cilostazol."}, {"url": "7596955", "index": 13, "title": "Clinical evaluation on combined administration of oral prostacyclin analogue beraprost and phosphodiesterase inhibitor cilostazol."}, {"url": "7596955", "index": 13, "title": "Clinical evaluation on combined administration of oral prostacyclin analogue beraprost and phosphodiesterase inhibitor cilostazol."}, {"url": "7596955", "index": 13, "title": "Clinical evaluation on combined administration of oral prostacyclin analogue beraprost and phosphodiesterase inhibitor cilostazol."}, {"url": "7596955", "index": 13, "title": "Clinical evaluation on combined administration of oral prostacyclin analogue beraprost and phosphodiesterase inhibitor cilostazol."}, {"url": "7596955", "index": 13, "title": "Clinical evaluation on combined administration of oral prostacyclin analogue beraprost and phosphodiesterase inhibitor cilostazol."}, {"url": "7596955", "index": 13, "title": "Clinical evaluation on combined administration of oral prostacyclin analogue beraprost and phosphodiesterase inhibitor cilostazol."}, {"url": "7596955", "index": 13, "title": "Clinical evaluation on combined administration of oral prostacyclin analogue beraprost and phosphodiesterase inhibitor cilostazol."}, {"url": "16225977", "index": 47, "title": "Amisulpride related tic-like symptoms in an adolescent schizophrenic."}, {"url": "15953230", "index": 48, "title": "Two cases of amisulpride overdose: a cause for prolonged QT syndrome."}, {"url": "15811908", "index": 10, "title": "Pheochromocytoma unmasked by amisulpride and tiapride."}, {"url": "15811908", "index": 10, "title": "Pheochromocytoma unmasked by amisulpride and tiapride."}, {"url": "15811908", "index": 10, "title": "Pheochromocytoma unmasked by amisulpride and tiapride."}, {"url": "24881749", "index": 49, "title": "Neuroleptic malignant syndrome induced by combination therapy with tetrabenazine and tiapride in a Japanese patient with Huntington's disease at the terminal stage of recurrent breast cancer."}, {"url": "15811908", "index": 10, "title": "Pheochromocytoma unmasked by amisulpride and tiapride."}, {"url": "11284996", "index": 0, "title": "Calcitonin gene-related peptide levels during nitric oxide-induced headache in patients with chronic tension-type headache."}, {"url": "17351238", "index": 50, "title": "A dramatic drop in blood pressure following prehospital GTN administration."}, {"url": "11915580", "index": 3, "title": "A comparison of glyceryl trinitrate with diclofenac for the treatment of primary dysmenorrhea: an open, randomized, cross-over trial."}, {"url": "10524660", "index": 51, "title": "Glyceryl trinitrate induces attacks of migraine without aura in sufferers of migraine with aura."}, {"url": "11284996", "index": 0, "title": "Calcitonin gene-related peptide levels during nitric oxide-induced headache in patients with chronic tension-type headache."}, {"url": "11915580", "index": 3, "title": "A comparison of glyceryl trinitrate with diclofenac for the treatment of primary dysmenorrhea: an open, randomized, cross-over trial."}, {"url": "11284996", "index": 0, "title": "Calcitonin gene-related peptide levels during nitric oxide-induced headache in patients with chronic tension-type headache."}, {"url": "17351238", "index": 50, "title": "A dramatic drop in blood pressure following prehospital GTN administration."}, {"url": "11915580", "index": 3, "title": "A comparison of glyceryl trinitrate with diclofenac for the treatment of primary dysmenorrhea: an open, randomized, cross-over trial."}, {"url": "10524660", "index": 51, "title": "Glyceryl trinitrate induces attacks of migraine without aura in sufferers of migraine with aura."}, {"url": "11284996", "index": 0, "title": "Calcitonin gene-related peptide levels during nitric oxide-induced headache in patients with chronic tension-type headache."}, {"url": "11915580", "index": 3, "title": "A comparison of glyceryl trinitrate with diclofenac for the treatment of primary dysmenorrhea: an open, randomized, cross-over trial."}, {"url": "11284996", "index": 0, "title": "Calcitonin gene-related peptide levels during nitric oxide-induced headache in patients with chronic tension-type headache."}, {"url": "10706004", "index": 52, "title": "Changes of sodium and ATP affinities of the cardiac (Na,K)-ATPase during and after nitric oxide deficient hypertension."}, {"url": "16810074", "index": 53, "title": "Mechanisms of hypertension induced by nitric oxide (NO) deficiency: focus on venous function."}, {"url": "10524660", "index": 51, "title": "Glyceryl trinitrate induces attacks of migraine without aura in sufferers of migraine with aura."}, {"url": "14659530", "index": 54, "title": "NO-induced migraine attack: strong increase in plasma calcitonin gene-related peptide (CGRP) concentration and negative correlation with platelet serotonin release."}, {"url": "11284996", "index": 0, "title": "Calcitonin gene-related peptide levels during nitric oxide-induced headache in patients with chronic tension-type headache."}, {"url": "11284996", "index": 0, "title": "Calcitonin gene-related peptide levels during nitric oxide-induced headache in patients with chronic tension-type headache."}, {"url": "10706004", "index": 52, "title": "Changes of sodium and ATP affinities of the cardiac (Na,K)-ATPase during and after nitric oxide deficient hypertension."}, {"url": "16810074", "index": 53, "title": "Mechanisms of hypertension induced by nitric oxide (NO) deficiency: focus on venous function."}, {"url": "10524660", "index": 51, "title": "Glyceryl trinitrate induces attacks of migraine without aura in sufferers of migraine with aura."}, {"url": "11284996", "index": 0, "title": "Calcitonin gene-related peptide levels during nitric oxide-induced headache in patients with chronic tension-type headache."}, {"url": "7905523", "index": 55, "title": "The safety and efficacy of combination N-butyl-deoxynojirimycin (SC-48334) and zidovudine in patients with HIV-1 infection and 200-500 CD4 cells/mm3."}, {"url": "17943461", "index": 56, "title": "Myocardial Fas ligand expression increases susceptibility to AZT-induced cardiomyopathy."}, {"url": "11706060", "index": 57, "title": "Combined antiretroviral therapy causes cardiomyopathy and elevates plasma lactate in transgenic AIDS mice."}, {"url": "1556529", "index": 58, "title": "Zidovudine-induced hepatitis."}, {"url": "2528969", "index": 7, "title": "Nature, time course and dose dependence of zidovudine-related side effects: results from the Multicenter Canadian Azidothymidine Trial."}, {"url": "7628595", "index": 59, "title": "Study of the role of vitamin B12 and folinic acid supplementation in preventing hematologic toxicity of zidovudine."}, {"url": "2528969", "index": 7, "title": "Nature, time course and dose dependence of zidovudine-related side effects: results from the Multicenter Canadian Azidothymidine Trial."}, {"url": "12090760", "index": 60, "title": "Antagonism between interleukin 3 and erythropoietin in mice with azidothymidine-induced anemia and in bone marrow endothelial cells."}, {"url": "2257294", "index": 61, "title": "Benzylacyclouridine reverses azidothymidine-induced marrow suppression without impairment of anti-human immunodeficiency virus activity."}, {"url": "2004015", "index": 62, "title": "Sensitivity of erythroid progenitor colonies to erythropoietin in azidothymidine treated immunodeficient mice."}, {"url": "2528969", "index": 7, "title": "Nature, time course and dose dependence of zidovudine-related side effects: results from the Multicenter Canadian Azidothymidine Trial."}, {"url": "9209318", "index": 63, "title": "Lifetime treatment of mice with azidothymidine (AZT) produces myelodysplasia."}, {"url": "2528969", "index": 7, "title": "Nature, time course and dose dependence of zidovudine-related side effects: results from the Multicenter Canadian Azidothymidine Trial."}, {"url": "18201582", "index": 4, "title": "Results of a comparative, phase III, 12-week, multicenter, prospective, randomized, double-blind assessment of the efficacy and tolerability of a fixed-dose combination of telmisartan and amlodipine versus amlodipine monotherapy in Indian adults with stage II hypertension."}, {"url": "17285209", "index": 64, "title": "Angiotensin-converting enzyme (ACE) inhibitor-associated angioedema of the stomach and small intestine: a case report."}, {"url": "25031906", "index": 65, "title": "Is Dysguesia Going to be a Rare or a Common Side-effect of Amlodipine?"}, {"url": "8251368", "index": 66, "title": "Photodistributed nifedipine-induced facial telangiectasia."}, {"url": "8841157", "index": 67, "title": "Valsartan, a new angiotensin II antagonist for the treatment of essential hypertension: a comparative study of the efficacy and safety against amlodipine."}, {"url": "18201582", "index": 4, "title": "Results of a comparative, phase III, 12-week, multicenter, prospective, randomized, double-blind assessment of the efficacy and tolerability of a fixed-dose combination of telmisartan and amlodipine versus amlodipine monotherapy in Indian adults with stage II hypertension."}, {"url": "18201582", "index": 4, "title": "Results of a comparative, phase III, 12-week, multicenter, prospective, randomized, double-blind assessment of the efficacy and tolerability of a fixed-dose combination of telmisartan and amlodipine versus amlodipine monotherapy in Indian adults with stage II hypertension."}, {"url": "18201582", "index": 4, "title": "Results of a comparative, phase III, 12-week, multicenter, prospective, randomized, double-blind assessment of the efficacy and tolerability of a fixed-dose combination of telmisartan and amlodipine versus amlodipine monotherapy in Indian adults with stage II hypertension."}, {"url": "1451544", "index": 1, "title": "Isradipine treatment for hypertension in general practice in Hong Kong."}, {"url": "1451544", "index": 1, "title": "Isradipine treatment for hypertension in general practice in Hong Kong."}, {"url": "3323259", "index": 12, "title": "Differential effects of 1,4-dihydropyridine calcium channel blockers: therapeutic implications."}, {"url": "3323259", "index": 12, "title": "Differential effects of 1,4-dihydropyridine calcium channel blockers: therapeutic implications."}, {"url": "3323259", "index": 12, "title": "Differential effects of 1,4-dihydropyridine calcium channel blockers: therapeutic implications."}, {"url": "3323259", "index": 12, "title": "Differential effects of 1,4-dihydropyridine calcium channel blockers: therapeutic implications."}, {"url": "7931490", "index": 2, "title": "Efficacy and safety of granisetron, a selective 5-hydroxytryptamine-3 receptor antagonist, in the prevention of nausea and vomiting induced by high-dose cisplatin."}, {"url": "7931490", "index": 2, "title": "Efficacy and safety of granisetron, a selective 5-hydroxytryptamine-3 receptor antagonist, in the prevention of nausea and vomiting induced by high-dose cisplatin."}, {"url": "7931490", "index": 2, "title": "Efficacy and safety of granisetron, a selective 5-hydroxytryptamine-3 receptor antagonist, in the prevention of nausea and vomiting induced by high-dose cisplatin."}, {"url": "7931490", "index": 2, "title": "Efficacy and safety of granisetron, a selective 5-hydroxytryptamine-3 receptor antagonist, in the prevention of nausea and vomiting induced by high-dose cisplatin."}, {"url": "2576810", "index": 68, "title": "Some central effects of repeated treatment with fluvoxamine."}, {"url": "11135381", "index": 11, "title": "Effect of methoxamine on maximum urethral pressure in women with genuine stress incontinence: a placebo-controlled, double-blind crossover study."}, {"url": "11135381", "index": 11, "title": "Effect of methoxamine on maximum urethral pressure in women with genuine stress incontinence: a placebo-controlled, double-blind crossover study."}, {"url": "12950111", "index": 5, "title": "Treatment of compensatory gustatory hyperhidrosis with topical glycopyrrolate."}, {"url": "12950111", "index": 5, "title": "Treatment of compensatory gustatory hyperhidrosis with topical glycopyrrolate."}, {"url": "3560095", "index": 8, "title": "Flurbiprofen in the treatment of juvenile rheumatoid arthritis."}, {"url": "3560095", "index": 8, "title": "Flurbiprofen in the treatment of juvenile rheumatoid arthritis."}, {"url": "18791946", "index": 69, "title": "Severe thrombocytopenia and haemolytic anaemia associated with ciprofloxacin: a case report with fatal outcome."}, {"url": "9669632", "index": 70, "title": "Effects of cisapride on symptoms and postcibal small-bowel motor function in patients with irritable bowel syndrome."}, {"url": "7905523", "index": 55, "title": "The safety and efficacy of combination N-butyl-deoxynojirimycin (SC-48334) and zidovudine in patients with HIV-1 infection and 200-500 CD4 cells/mm3."}, {"url": "3560095", "index": 8, "title": "Flurbiprofen in the treatment of juvenile rheumatoid arthritis."}, {"url": "7173007", "index": 71, "title": "Comparative study: Endografine (diatrizoate), Vasurix polyvidone (acetrizoate), Dimer-X (iocarmate) and Hexabrix (ioxaglate) in hysterosalpingography."}, {"url": "24451297", "index": 72, "title": "Drug-Induced Acute Liver Injury Within 12 Hours After Fluvastatin Therapy."}, {"url": "9578276", "index": 73, "title": "Ascending dose tolerance study of intramuscular carbetocin administered after normal vaginal birth."}, {"url": "424937", "index": 74, "title": "Patterns of hepatic injury induced by methyldopa."}, {"url": "3560095", "index": 8, "title": "Flurbiprofen in the treatment of juvenile rheumatoid arthritis."}, {"url": "7905523", "index": 55, "title": "The safety and efficacy of combination N-butyl-deoxynojirimycin (SC-48334) and zidovudine in patients with HIV-1 infection and 200-500 CD4 cells/mm3."}, {"url": "19139001", "index": 75, "title": "Longitudinal assessment of air conduction audiograms in a phase III clinical trial of difluoromethylornithine and sulindac for prevention of sporadic colorectal adenomas."}, {"url": "16298782", "index": 21, "title": "Nitro-L-arginine methyl ester: a potential protector against gentamicin ototoxicity."}, {"url": "17343925", "index": 76, "title": "Influence of smoking on developing cochlea. Does smoking during pregnancy affect the amplitudes of transient evoked otoacoustic emissions in newborns?"}, {"url": "11474137", "index": 77, "title": "Overexpression of copper/zinc-superoxide dismutase protects from kanamycin-induced hearing loss."}, {"url": "8372922", "index": 78, "title": "Neuroplasticity of the adult primate auditory cortex following cochlear hearing loss."}, {"url": "9522143", "index": 79, "title": "The effect of different anaesthetic agents in hearing loss following spinal anaesthesia."}, {"url": "16298782", "index": 21, "title": "Nitro-L-arginine methyl ester: a potential protector against gentamicin ototoxicity."}], "links": [{"source": 0, "pmid": [8], "type": "Disease", "target": 1, "weight": 100}, {"source": 0, "pmid": [14], "type": "Disease", "target": 2, "weight": 100}, {"source": 0, "pmid": [14], "type": "Disease", "target": 3, "weight": 100}, {"source": 0, "pmid": [6], "type": "Disease", "target": 4, "weight": 100}, {"source": 0, "pmid": [6], "type": "Disease", "target": 5, "weight": 100}, {"source": 0, "pmid": [6], "type": "Disease", "target": 6, "weight": 100}, {"source": 0, "pmid": [6], "type": "Disease", "target": 7, "weight": 100}, {"source": 0, "pmid": [9], "type": "Disease", "target": 8, "weight": 100}, {"source": 0, "pmid": [13], "type": "Disease", "target": 9, "weight": 100}, {"source": 0, "pmid": [13], "type": "Disease", "target": 10, "weight": 100}, {"source": 0, "pmid": [13], "type": "Disease", "target": 11, "weight": 100}, {"source": 0, "pmid": [13], "type": "Disease", "target": 12, "weight": 100}, {"source": 0, "pmid": [10], "type": "Disease", "target": 13, "weight": 100}, {"source": 0, "pmid": [10], "type": "Disease", "target": 14, "weight": 100}, {"source": 0, "pmid": [0, 3], "type": "Disease", "target": 15, "weight": 100}, {"source": 0, "pmid": [0, 3], "type": "Disease", "target": 16, "weight": 100}, {"source": 0, "pmid": [0], "type": "Disease", "target": 17, "weight": 100}, {"source": 0, "pmid": [0], "type": "Disease", "target": 18, "weight": 100}, {"source": 0, "pmid": [7], "type": "Disease", "target": 19, "weight": 100}, {"source": 0, "pmid": [7], "type": "Disease", "target": 20, "weight": 100}, {"source": 0, "pmid": [4], "type": "Disease", "target": 21, "weight": 100}, {"source": 0, "pmid": [4], "type": "Disease", "target": 22, "weight": 100}, {"source": 0, "pmid": [1], "type": "Disease", "target": 23, "weight": 100}, {"source": 0, "pmid": [12], "type": "Disease", "target": 24, "weight": 100}, {"source": 0, "pmid": [12], "type": "Disease", "target": 25, "weight": 100}, {"source": 0, "pmid": [2], "type": "Disease", "target": 26, "weight": 100}, {"source": 0, "pmid": [2], "type": "Disease", "target": 27, "weight": 100}, {"source": 0, "pmid": [11], "type": "Disease", "target": 28, "weight": 100}, {"source": 0, "pmid": [5], "type": "Disease", "target": 29, "weight": 100}, {"source": 1, "pmid": [8], "type": "Chemical", "target": 30, "weight": 100}, {"source": 1, "pmid": [8], "type": "Chemical", "target": 31, "weight": 100}, {"source": 19, "pmid": [55], "type": "Chemical", "target": 31, "weight": 100}, {"source": 2, "pmid": [21], "type": "Chemical", "target": 32, "weight": 100}]}