{
  "nodes": [
    {
      "index": 0, 
      "id": 0,
      "links": [
         1
      ], 
      "score": 10, 
      "level": 3, 
      "title": "Bacteria Cell", 
      "type": "Cells",
      "label": "Bacteria Cell"
    },
    {
      "index": 1, 
      "id": 1,
      "links": [
         0, 2
      ], 
      "score": 10, 
      "level": 3, 
      "title": "cell wall", 
      "type": "Cells.Cellular Structures",
      "label": "cell wall"
    },
    {
      "index": 2, 
      "id": 2,
      "links": [
         1,3
      ], 
      "score": 10, 
      "level": 3, 
      "title": "peptidoglycan", 
      "type": "Carbohydrates",
      "label": "peptidoglycan"
    },
    {
      "index": 3,
      "id": 3,
      "links": [
        2,4
      ], 
      "score": 10, 
      "level": 3, 
      "title": "DD-transpeptidase", 
      "type": "Proteins",
      "label": "DD-transpeptidase"
    },
    {
      "index": 4,
      "id": 4,
      "links": [
        3,5,8
      ], 
      "score": 10, 
      "level": 3, 
      "title": "beta-lactam ring", 
      "type": "Proteins",
      "label": "beta-lactam ring"
    },
    {
      "index": 5,
      "id": 5,
      "links": [
        4,6,8
      ], 
      "score": 10, 
      "level": 3, 
      "title": "Staphylococcus aureus", 
      "type": "Bacteria",
      "label": "Staphylococcus aureus"
    },
    {
      "index": 6,
      "id": 6,
      "links": [
        5
      ], 
      "score": 10, 
      "level": 3, 
      "title": "infections", 
      "type": "Disease",
      "label": "infections"
    },
    {
      "index": 7,
      "id": 7,
      "links": [
        8
      ], 
      "score": 10, 
      "level": 3, 
      "title": "patient", 
      "type": "",
      "label": "patient"
    },
    {
      "index": 8,
      "id": 8,
      "links": [
        4,5,7,9
      ], 
      "score": 10, 
      "level": 3, 
      "title": "Penicillin", 
      "type": "Chemical",
      "label": "Penicillin"
    },
    {
      "index": 9,
      "id": 9,
      "links": [
        8
      ], 
      "score": 10, 
      "level": 3, 
      "title": "bacteria infection", 
      "type": "Disease",
      "label": "bacteria infection"
    }
  ], 
  "links": [
      {
        "source": 0, 
        "target": 1, 
        "weight": 100, 
        "type": "surrounded by"
      },
      {"source": 2, "target": 1, "weight": 100, "type": "components of"},
      {"source": 3, "target": 2, "weight": 100, "type": "action of"},
      {"source": 4, "target": 3, "weight": 100, "type": "inhibiting binding to"},
      {"source": 5, "target": 4, "weight": 100, "type": "destroy"},
      {"source": 5, "target": 6, "weight": 100, "type": "cause"},
      {"source": 5, "target": 8, "weight": 100, "type": "resist to"},
      {"source": 7, "target": 8, "weight": 100, "type": "allergy to"},
      {"source": 8, "target": 9, "weight": 100, "type": "treat", "cover":"data/word_clouds/square_bacteria_infection$$penicillin.png"},
      {"source": 8, "target": 4, "weight": 100, "type": "contain"}
  ],
  "node_types": ["Cells", "Cells.Cellular Structures", 
    "Carbohydrates", "Proteins", "Bacteria", "Disease",
    "Chemical"]
}
