{"node_types": ["Cells", "Cells.Cellular Structures", "Carbohydrates", "Proteins", "Bacteria", "Disease", "Chemical"], "nodes": [{"index": 0, "links": [1], "title": "Bacteria Cell", "level": 3, "label": "Bacteria Cell", "score": 10, "pmid": [], "type": "Cells", "id": 0}, {"index": 1, "links": [0, 2], "title": "cell wall", "level": 3, "label": "cell wall", "score": 10, "pmid": [], "type": "Cells.Cellular Structures", "id": 1}, {"index": 2, "links": [1, 3], "title": "peptidoglycan", "level": 3, "label": "peptidoglycan", "score": 10, "pmid": [], "type": "Carbohydrates", "id": 2}, {"index": 3, "links": [2, 4], "title": "DD-transpeptidase", "level": 3, "label": "DD-transpeptidase", "score": 10, "pmid": [], "type": "Proteins", "id": 3}, {"index": 4, "links": [3, 5, 8], "title": "beta-lactam ring", "level": 3, "label": "beta-lactam ring", "score": 10, "pmid": [], "type": "Proteins", "id": 4}, {"index": 5, "links": [4, 6, 8], "title": "Staphylococcus aureus", "level": 3, "label": "Staphylococcus aureus", "score": 10, "pmid": [], "type": "Bacteria", "id": 5}, {"index": 6, "links": [5], "title": "infections", "level": 3, "label": "infections", "score": 10, "pmid": [0, 1], "type": "Disease", "id": 6}, {"index": 7, "links": [8], "title": "patient", "level": 3, "label": "patient", "score": 10, "pmid": [], "type": "", "id": 7}, {"index": 8, "links": [4, 5, 7, 9], "title": "Penicillin", "level": 3, "label": "Penicillin", "score": 10, "pmid": [], "type": "Chemical", "id": 8}, {"index": 9, "links": [8], "title": "bacteria infection", "level": 3, "label": "bacteria infection", "score": 10, "pmid": [], "type": "Disease", "id": 9}, {"index": 10, "score": 8, "links": [], "level": 3, "pmid": [1], "title": "nsc 343499", "type": "Chemical", "id": 10, "label": "NSC 343499"}, {"index": 11, "score": 8, "links": [], "level": 3, "pmid": [1], "title": "9-[[2-methoxy-4-[(methylsulphonyl)amino]phenyl]amino] -n,5-dimethyl- 4-acridinecarboxamide", "type": "Chemical", "id": 11, "label": "9-[[2-methoxy-4-[(methylsulphonyl)amino]phenyl]amino] -N,5-dimethyl- 4-acridinecarboxamide"}, {"index": 12, "score": 8, "links": [], "level": 3, "pmid": [1], "title": "ci-921", "type": "Chemical", "id": 12, "label": "CI-921"}, {"index": 13, "score": 8, "links": [], "level": 3, "pmid": [0, 2, 3, 4, 5, 6, 7, 8, 9, 10, 11], "title": "cyclosporine", "type": "Chemical", "id": 13, "label": "cyclosporine"}, {"index": 14, "score": 8, "links": [], "level": 3, "pmid": [0], "title": "aza", "type": "Chemical", "id": 14, "label": "Aza"}, {"index": 15, "score": 8, "links": [], "level": 3, "pmid": [12, 13, 14, 0, 15], "title": "azathioprine", "type": "Chemical", "id": 15, "label": "azathioprine"}, {"index": 16, "score": 8, "links": [], "level": 3, "pmid": [16, 17, 18, 19, 20, 21, 22, 23, 24, 25, 26, 27, 28, 29, 30, 31, 32, 33, 34, 1, 35, 36, 37, 38, 39, 40, 41, 42, 43, 44, 45, 46, 47, 48, 49, 50, 51, 52, 53, 54, 55, 56, 57, 58, 59, 60, 61, 62, 63, 64, 65, 66, 67, 68, 69, 70, 71], "title": "seizures", "type": "Disease", "id": 16, "label": "seizures"}, {"index": 17, "score": 8, "links": [], "level": 3, "pmid": [72, 73, 74, 75, 76, 77, 1, 78, 79, 25, 80, 81, 82, 83, 84, 85, 86, 87], "title": "neutropenia", "type": "Disease", "id": 17, "label": "Neutropenia"}, {"index": 18, "score": 8, "links": [], "level": 3, "pmid": [88, 89, 90, 91, 92, 93, 1, 94, 75, 95, 96, 97, 98, 99, 100, 101, 102, 103, 78, 104, 105, 106, 107, 108, 109, 110, 111, 112], "title": "nausea", "type": "Disease", "id": 18, "label": "nausea"}, {"index": 19, "score": 8, "links": [], "level": 3, "pmid": [1, 96], "title": "phlebitis", "type": "Disease", "id": 19, "label": "phlebitis"}, {"index": 20, "score": 8, "links": [], "level": 3, "pmid": [107, 113, 100, 75, 77, 1, 88, 114, 89, 103, 115, 98, 97], "title": "vomiting", "type": "Disease", "id": 20, "label": "vomiting"}, {"index": 21, "score": 8, "links": [], "level": 3, "pmid": [2, 4, 5], "title": "thrombotic microangiopathy", "type": "Disease", "id": 21, "label": "thrombotic microangiopathy"}, {"index": 22, "score": 8, "links": [], "level": 3, "pmid": [116, 2], "title": "tma", "type": "Disease", "id": 22, "label": "TMA"}, {"index": 23, "score": 8, "links": [], "level": 3, "pmid": [117, 118, 119, 120, 121, 122, 123, 124, 125, 126, 127, 128, 129, 130, 131, 7, 132, 103, 133, 109, 134, 135], "title": "pain", "type": "Disease", "id": 23, "label": "Pain"}, {"index": 24, "score": 8, "links": [], "level": 3, "pmid": [136, 137, 138, 139, 9, 140], "title": "renal dysfunction", "type": "Disease", "id": 24, "label": "renal dysfunction"}, {"index": 25, "score": 8, "links": [], "level": 3, "pmid": [137, 141, 136, 142, 143, 144, 145, 146, 9, 147, 11], "title": "nephrotoxic", "type": "Disease", "id": 25, "label": "nephrotoxic"}, {"index": 26, "score": 8, "links": [], "level": 3, "pmid": [148, 149, 150, 137, 151, 152, 153, 145, 6, 154, 155, 144, 8, 156, 157, 147, 158, 10, 11, 159], "title": "nephrotoxicity", "type": "Disease", "id": 26, "label": "nephrotoxicity"}, {"index": 27, "score": 8, "links": [], "level": 3, "pmid": [157, 11, 160], "title": "renal toxicity", "type": "Disease", "id": 27, "label": "renal toxicity"}, {"index": 28, "score": 8, "links": [], "level": 3, "pmid": [3], "title": "kidney lesions", "type": "Disease", "id": 28, "label": "kidney lesions"}, {"index": 29, "score": 8, "links": [], "level": 3, "pmid": [161, 162, 163, 164, 165, 141, 166, 3, 136, 167, 168, 150, 169, 170], "title": "nephropathy", "type": "Disease", "id": 29, "label": "nephropathy"}, {"index": 30, "score": 8, "links": [], "level": 3, "pmid": [3, 171], "title": "renal lesions", "type": "Disease", "id": 30, "label": "Renal lesions"}], "pmids": [{"url": "6310832", "index": 0, "title": "Early infections in kidney, heart, and liver transplant recipients on cyclosporine."}, {"url": "1664218", "index": 1, "title": "Phase II study of the amsacrine analogue CI-921 (NSC 343499) in non-small cell lung cancer."}, {"url": "1664218", "index": 1, "title": "Phase II study of the amsacrine analogue CI-921 (NSC 343499) in non-small cell lung cancer."}, {"url": "1664218", "index": 1, "title": "Phase II study of the amsacrine analogue CI-921 (NSC 343499) in non-small cell lung cancer."}, {"url": "1664218", "index": 1, "title": "Phase II study of the amsacrine analogue CI-921 (NSC 343499) in non-small cell lung cancer."}, {"url": "1664218", "index": 1, "title": "Phase II study of the amsacrine analogue CI-921 (NSC 343499) in non-small cell lung cancer."}, {"url": "1664218", "index": 1, "title": "Phase II study of the amsacrine analogue CI-921 (NSC 343499) in non-small cell lung cancer."}, {"url": "1664218", "index": 1, "title": "Phase II study of the amsacrine analogue CI-921 (NSC 343499) in non-small cell lung cancer."}, {"url": "6310832", "index": 0, "title": "Early infections in kidney, heart, and liver transplant recipients on cyclosporine."}, {"url": "11007689", "index": 2, "title": "Cyclosporine and tacrolimus-associated thrombotic microangiopathy."}, {"url": "24971338", "index": 3, "title": "Conversion to sirolimus ameliorates cyclosporine-induced nephropathy in the rat: focus on serum, urine, gene, and protein renal expression biomarkers."}, {"url": "15859940", "index": 4, "title": "Causes of acute thrombotic microangiopathy in patients receiving kidney transplantation."}, {"url": "22836123", "index": 5, "title": "Late-onset scleroderma renal crisis induced by tacrolimus and prednisolone: a case report."}, {"url": "3311455", "index": 6, "title": "Cardiac transplantation: improved quality of survival with a modified immunosuppressive protocol."}, {"url": "11263551", "index": 7, "title": "Calcineurin-inhibitor induced pain syndrome (CIPS): a severe disabling complication after organ transplantation."}, {"url": "11583940", "index": 8, "title": "Sirolimus and mycophenolate mofetil for calcineurin-free immunosuppression in renal transplant recipients."}, {"url": "11773892", "index": 9, "title": "End-stage renal disease (ESRD) after orthotopic liver transplantation (OLTX) using calcineurin-based immunotherapy: risk of development and treatment."}, {"url": "11063349", "index": 10, "title": "Conversion to rapamycin immunosuppression in renal transplant recipients: report of an initial experience."}, {"url": "3708922", "index": 11, "title": "Experimental cyclosporine nephrotoxicity: risk of concomitant chemotherapy."}, {"url": "6310832", "index": 0, "title": "Early infections in kidney, heart, and liver transplant recipients on cyclosporine."}, {"url": "6310832", "index": 0, "title": "Early infections in kidney, heart, and liver transplant recipients on cyclosporine."}, {"url": "6310832", "index": 0, "title": "Early infections in kidney, heart, and liver transplant recipients on cyclosporine."}, {"url": "2051906", "index": 12, "title": "Reversible cholestasis with bile duct injury following azathioprine therapy. A case report."}, {"url": "4812392", "index": 13, "title": "Treatment of psoriasis with azathioprine."}, {"url": "3970039", "index": 14, "title": "Incidence of neoplasms in patients with rheumatoid arthritis exposed to different treatment regimens."}, {"url": "6310832", "index": 0, "title": "Early infections in kidney, heart, and liver transplant recipients on cyclosporine."}, {"url": "18340638", "index": 15, "title": "Azathioprine-induced suicidal erythrocyte death."}, {"url": "6310832", "index": 0, "title": "Early infections in kidney, heart, and liver transplant recipients on cyclosporine."}, {"url": "1664218", "index": 1, "title": "Phase II study of the amsacrine analogue CI-921 (NSC 343499) in non-small cell lung cancer."}, {"url": "15120741", "index": 16, "title": "Recurrent excitation in the dentate gyrus of a murine model of temporal lobe epilepsy."}, {"url": "24283660", "index": 17, "title": "Tacrolimus-related seizure after pediatric liver transplantation--a single-center experience."}, {"url": "11860278", "index": 18, "title": "Dopamine D2 receptor signaling controls neuronal cell death induced by muscarinic and glutamatergic drugs."}, {"url": "12745515", "index": 19, "title": "Seizure associated with sleep deprivation and sustained-release bupropion."}, {"url": "8410199", "index": 20, "title": "Loss of glutamate decarboxylase mRNA-containing neurons in the rat dentate gyrus following pilocarpine-induced seizures."}, {"url": "11524350", "index": 21, "title": "Systemic toxicity and resuscitation in bupivacaine-, levobupivacaine-, or ropivacaine-infused rats."}, {"url": "1592014", "index": 22, "title": "Seizures induced by the cocaine metabolite benzoylecgonine in rats."}, {"url": "12481039", "index": 23, "title": "Reduced sodium channel density, altered voltage dependence of inactivation, and increased susceptibility to seizures in mice lacking sodium channel beta 2-subunits."}, {"url": "15275829", "index": 24, "title": "The alpha3 and beta4 nicotinic acetylcholine receptor subunits are necessary for nicotine-induced seizures and hypolocomotion in mice."}, {"url": "3856631", "index": 25, "title": "Remission induction of meningeal leukemia with high-dose intravenous methotrexate."}, {"url": "14765563", "index": 26, "title": "Risks of the consumption of beverages containing quinine."}, {"url": "2400986", "index": 27, "title": "Dose-dependent neurotoxicity of high-dose busulfan in children: a clinical and pharmacological study."}, {"url": "1867351", "index": 28, "title": "Neuropsychiatric side effects after the use of mefloquine."}, {"url": "11206082", "index": 29, "title": "Two mouse lines selected for differential sensitivities to beta-carboline-induced seizures are also differentially sensitive to various pharmacological effects of other GABA(A) receptor ligands."}, {"url": "16005948", "index": 30, "title": "Evaluation of the anticocaine monoclonal antibody GNC92H2 as an immunotherapy for cocaine overdose."}, {"url": "9121607", "index": 31, "title": "Neuroactive steroids protect against pilocarpine- and kainic acid-induced limbic seizures and status epilepticus in mice."}, {"url": "4010471", "index": 32, "title": "Relationship between nicotine-induced seizures and hippocampal nicotinic receptors."}, {"url": "3339945", "index": 33, "title": "Theophylline neurotoxicity in pregnant rats."}, {"url": "24588023", "index": 34, "title": "The association between tranexamic acid and convulsive seizures after cardiac surgery: a multivariate analysis in 11 529 patients."}, {"url": "1664218", "index": 1, "title": "Phase II study of the amsacrine analogue CI-921 (NSC 343499) in non-small cell lung cancer."}, {"url": "9758264", "index": 35, "title": "Epileptogenic activity of folic acid after drug induces SLE (folic acid and epilepsy)"}, {"url": "4082466", "index": 36, "title": "Morphine-induced seizures in newborn infants."}, {"url": "2343592", "index": 37, "title": "Seizure activity with imipenem therapy: incidence and risk factors."}, {"url": "11166519", "index": 38, "title": "Acute cocaine-induced seizures: differential sensitivity of six inbred mouse strains."}, {"url": "7189975", "index": 39, "title": "Deaths from local anesthetic-induced convulsions in mice."}, {"url": "11573852", "index": 40, "title": "Amphotericin B-induced seizures in a patient with AIDS."}, {"url": "12921865", "index": 41, "title": "Protective efficacy of neuroactive steroids against cocaine kindled-seizures in mice."}, {"url": "6153967", "index": 42, "title": "Epileptogenic properties of enflurane and their clinical interpretation."}, {"url": "2625524", "index": 43, "title": "The effect of haloperidol in cocaine and amphetamine intoxication."}, {"url": "6308277", "index": 44, "title": "Reduction in caffeine toxicity by acetaminophen."}, {"url": "8135424", "index": 45, "title": "Flumazenil induces seizures and death in mixed cocaine-diazepam intoxications."}, {"url": "1610717", "index": 46, "title": "Cocaine-induced brainstem seizures and behavior."}, {"url": "16725121", "index": 47, "title": "Down-regulation of norepinephrine transporter function induced by chronic administration of desipramine linking to the alteration of sensitivity of local-anesthetics-induced convulsions and the counteraction by co-administration with local anesthetics."}, {"url": "24911645", "index": 48, "title": "Behavioral and neurochemical studies in mice pretreated with garcinielliptone FC in pilocarpine-induced seizures."}, {"url": "19944736", "index": 49, "title": "A novel animal model to evaluate the ability of a drug delivery system to promote the passage through the BBB."}, {"url": "17828434", "index": 50, "title": "Myo-inositol-1-phosphate (MIP) synthase inhibition: in-vivo study in rats."}, {"url": "7651879", "index": 51, "title": "Seizure after flumazenil administration in a pediatric patient."}, {"url": "3708328", "index": 52, "title": "Susceptibility to seizures produced by pilocarpine in rats after microinjection of isoniazid or gamma-vinyl-GABA into the substantia nigra."}, {"url": "6316193", "index": 53, "title": "Structure-activity and dose-effect relationships of the antagonism of picrotoxin-induced seizures by cholecystokinin, fragments and analogues of cholecystokinin in mice."}, {"url": "19020118", "index": 54, "title": "The risks of aprotinin and tranexamic acid in cardiac surgery: a one-year follow-up of 1188 consecutive patients."}, {"url": "2453942", "index": 55, "title": "Convulsant effect of lindane and regional brain concentration of GABA and dopamine."}, {"url": "2924746", "index": 56, "title": "Chronic carbamazepine treatment in the rat: efficacy, toxicity, and effect on plasma and tissue folate concentrations."}, {"url": "3191389", "index": 57, "title": "Differential effects of non-steroidal anti-inflammatory drugs on seizures produced by pilocarpine in rats."}, {"url": "21195121", "index": 58, "title": "The role of nitric oxide in convulsions induced by lindane in rats."}, {"url": "19707748", "index": 59, "title": "Seizures associated with levofloxacin: case presentation and literature review."}, {"url": "11807648", "index": 60, "title": "Epileptic seizures following cortical application of fibrin sealants containing tranexamic acid in rats."}, {"url": "16920333", "index": 61, "title": "Anticonvulsant effect of eslicarbazepine acetate (BIA 2-093) on seizures induced by microperfusion of picrotoxin in the hippocampus of freely moving rats."}, {"url": "16876986", "index": 62, "title": "Physical training decreases susceptibility to subsequent pilocarpine-induced seizures in the rat."}, {"url": "2790457", "index": 63, "title": "Chronic carbamazepine inhibits the development of local anesthetic seizures kindled by cocaine and lidocaine."}, {"url": "19996135", "index": 64, "title": "High-dose tranexamic Acid is associated with nonischemic clinical seizures in cardiac surgical patients."}, {"url": "3828020", "index": 65, "title": "Cerebral infarction with a single oral dose of phenylpropanolamine."}, {"url": "17437408", "index": 66, "title": "Upregulation of brain expression of P-glycoprotein in MRP2-deficient TR(-) rats resembles seizure-induced up-regulation of this drug efflux transporter in normal rats."}, {"url": "19105845", "index": 67, "title": "Effect of increasing intraperitoneal infusion rates on bupropion hydrochloride-induced seizures in mice."}, {"url": "24802403", "index": 68, "title": "Metformin protects against seizures, learning and memory impairments and oxidative damage induced by pentylenetetrazole-induced kindling in mice."}, {"url": "2440413", "index": 69, "title": "Differential effects of gamma-hexachlorocyclohexane (lindane) on pharmacologically-induced seizures."}, {"url": "11928786", "index": 70, "title": "Bupropion (Zyban) toxicity."}, {"url": "8473723", "index": 71, "title": "Seizures induced by combined levomepromazine-fluvoxamine treatment."}, {"url": "1664218", "index": 1, "title": "Phase II study of the amsacrine analogue CI-921 (NSC 343499) in non-small cell lung cancer."}, {"url": "8305357", "index": 72, "title": "Liposomal daunorubicin in advanced Kaposi's sarcoma: a phase II study."}, {"url": "11230490", "index": 73, "title": "Reduced cardiotoxicity and preserved antitumor efficacy of liposome-encapsulated doxorubicin and cyclophosphamide compared with conventional doxorubicin and cyclophosphamide in a randomized, multicenter trial of metastatic breast cancer."}, {"url": "9071336", "index": 74, "title": "Paclitaxel, 5-fluorouracil, and folinic acid in metastatic breast cancer: BRE-26, a phase II trial."}, {"url": "8643966", "index": 75, "title": "Chemotherapy of advanced inoperable non-small cell lung cancer with paclitaxel: a phase II trial."}, {"url": "3629586", "index": 76, "title": "The hematologic effects of cefonicid and cefazedone in the dog: a potential model of cephalosporin hematotoxicity in man."}, {"url": "21418164", "index": 77, "title": "CCNU (lomustine) toxicity in dogs: a retrospective study (2002-07)."}, {"url": "1664218", "index": 1, "title": "Phase II study of the amsacrine analogue CI-921 (NSC 343499) in non-small cell lung cancer."}, {"url": "11745287", "index": 78, "title": "Phase II study of carboplatin and liposomal doxorubicin in patients with recurrent squamous cell carcinoma of the cervix."}, {"url": "2217015", "index": 79, "title": "Mefenamic acid-induced neutropenia and renal failure in elderly females with hypothyroidism."}, {"url": "3856631", "index": 25, "title": "Remission induction of meningeal leukemia with high-dose intravenous methotrexate."}, {"url": "12093990", "index": 80, "title": "Intravenous ribavirin treatment for severe adenovirus disease in immunocompromised children."}, {"url": "25084821", "index": 81, "title": "Quetiapine-induced neutropenia in a bipolar patient with hepatocellular carcinoma."}, {"url": "24158386", "index": 82, "title": "GEM-P chemotherapy is active in the treatment of relapsed Hodgkin lymphoma."}, {"url": "24659727", "index": 83, "title": "Tolerability of lomustine in combination with cyclophosphamide in dogs with lymphoma."}, {"url": "11135224", "index": 84, "title": "Paclitaxel, cisplatin, and gemcitabine combination chemotherapy within a multidisciplinary therapeutic approach in metastatic nonsmall cell lung carcinoma."}, {"url": "10526274", "index": 85, "title": "Gemcitabine plus vinorelbine in nonsmall cell lung carcinoma patients age 70 years or older or patients who cannot receive cisplatin. Oncopaz Cooperative Group."}, {"url": "19139825", "index": 86, "title": "Topotecan in combination with radiotherapy in unresectable glioblastoma: a phase 2 study."}, {"url": "24928523", "index": 87, "title": "Combination of bortezomib, thalidomide, and dexamethasone (VTD) as a consolidation therapy after autologous stem cell transplantation for symptomatic multiple myeloma in Japanese patients."}, {"url": "1664218", "index": 1, "title": "Phase II study of the amsacrine analogue CI-921 (NSC 343499) in non-small cell lung cancer."}, {"url": "3074291", "index": 88, "title": "Comparison of the effect of oxitropium bromide and of slow-release theophylline on nocturnal asthma."}, {"url": "1286498", "index": 89, "title": "Reversal of central benzodiazepine effects by flumazenil after intravenous conscious sedation with diazepam and opioids: report of a double-blind multicenter study. The Flumazenil in Intravenous Conscious Sedation with Diazepam Multicenter Study Group II."}, {"url": "2983630", "index": 90, "title": "Increased anxiogenic effects of caffeine in panic disorders."}, {"url": "24451297", "index": 91, "title": "Drug-Induced Acute Liver Injury Within 12 Hours After Fluvastatin Therapy."}, {"url": "7596955", "index": 92, "title": "Clinical evaluation on combined administration of oral prostacyclin analogue beraprost and phosphodiesterase inhibitor cilostazol."}, {"url": "1899352", "index": 93, "title": "Ifosfamide continuous infusion without mesna. A phase I trial of a 14-day cycle."}, {"url": "1664218", "index": 1, "title": "Phase II study of the amsacrine analogue CI-921 (NSC 343499) in non-small cell lung cancer."}, {"url": "2528969", "index": 94, "title": "Nature, time course and dose dependence of zidovudine-related side effects: results from the Multicenter Canadian Azidothymidine Trial."}, {"url": "8643966", "index": 75, "title": "Chemotherapy of advanced inoperable non-small cell lung cancer with paclitaxel: a phase II trial."}, {"url": "6637851", "index": 95, "title": "Long-term efficacy and toxicity of high-dose amiodarone therapy for ventricular tachycardia or ventricular fibrillation."}, {"url": "2224762", "index": 96, "title": "A phase I study of 4'-0-tetrahydropyranyladriamycin. Clinical pharmacology and pharmacokinetics."}, {"url": "424937", "index": 97, "title": "Patterns of hepatic injury induced by methyldopa."}, {"url": "24618873", "index": 98, "title": "Cerebellar and oculomotor dysfunction induced by rapid infusion of pethidine."}, {"url": "1420741", "index": 99, "title": "Treatment of Crohn's disease with fusidic acid: an antibiotic with immunosuppressive properties similar to cyclosporin."}, {"url": "7931490", "index": 100, "title": "Efficacy and safety of granisetron, a selective 5-hydroxytryptamine-3 receptor antagonist, in the prevention of nausea and vomiting induced by high-dose cisplatin."}, {"url": "10901305", "index": 101, "title": "Ketamine sedation for the reduction of children's fractures in the emergency department."}, {"url": "3323259", "index": 102, "title": "Differential effects of 1,4-dihydropyridine calcium channel blockers: therapeutic implications."}, {"url": "7457821", "index": 103, "title": "Etomidate: a foreshortened clinical trial."}, {"url": "11745287", "index": 78, "title": "Phase II study of carboplatin and liposomal doxorubicin in patients with recurrent squamous cell carcinoma of the cervix."}, {"url": "7173007", "index": 104, "title": "Comparative study: Endografine (diatrizoate), Vasurix polyvidone (acetrizoate), Dimer-X (iocarmate) and Hexabrix (ioxaglate) in hysterosalpingography."}, {"url": "24234943", "index": 105, "title": "Syndrome of inappropriate antidiuretic hormone secretion associated with desvenlafaxine."}, {"url": "12464714", "index": 106, "title": "Crossover comparison of efficacy and preference for rizatriptan 10 mg versus ergotamine/caffeine in migraine."}, {"url": "20722491", "index": 107, "title": "Safety of capecitabine: a review."}, {"url": "16330293", "index": 108, "title": "Safety profile of a nicotine lozenge compared with that of nicotine gum in adult smokers with underlying medical conditions: a 12-week, randomized, open-label study."}, {"url": "7977601", "index": 109, "title": "Survey of complications of indocyanine green angiography in Japan."}, {"url": "16680561", "index": 110, "title": "Pharmacokinetics of desipramine HCl when administered with cinacalcet HCl."}, {"url": "9564988", "index": 111, "title": "Open-label assessment of levofloxacin for the treatment of acute bacterial sinusitis in adults."}, {"url": "16740173", "index": 112, "title": "Case report: acute unintentional carbachol intoxication."}, {"url": "1664218", "index": 1, "title": "Phase II study of the amsacrine analogue CI-921 (NSC 343499) in non-small cell lung cancer."}, {"url": "1664218", "index": 1, "title": "Phase II study of the amsacrine analogue CI-921 (NSC 343499) in non-small cell lung cancer."}, {"url": "2224762", "index": 96, "title": "A phase I study of 4'-0-tetrahydropyranyladriamycin. Clinical pharmacology and pharmacokinetics."}, {"url": "1664218", "index": 1, "title": "Phase II study of the amsacrine analogue CI-921 (NSC 343499) in non-small cell lung cancer."}, {"url": "20722491", "index": 107, "title": "Safety of capecitabine: a review."}, {"url": "1527456", "index": 113, "title": "Treatment of tinnitus by intratympanic instillation of lignocaine (lidocaine) 2 per cent through ventilation tubes."}, {"url": "7931490", "index": 100, "title": "Efficacy and safety of granisetron, a selective 5-hydroxytryptamine-3 receptor antagonist, in the prevention of nausea and vomiting induced by high-dose cisplatin."}, {"url": "8643966", "index": 75, "title": "Chemotherapy of advanced inoperable non-small cell lung cancer with paclitaxel: a phase II trial."}, {"url": "21418164", "index": 77, "title": "CCNU (lomustine) toxicity in dogs: a retrospective study (2002-07)."}, {"url": "1664218", "index": 1, "title": "Phase II study of the amsacrine analogue CI-921 (NSC 343499) in non-small cell lung cancer."}, {"url": "3074291", "index": 88, "title": "Comparison of the effect of oxitropium bromide and of slow-release theophylline on nocturnal asthma."}, {"url": "9578276", "index": 114, "title": "Ascending dose tolerance study of intramuscular carbetocin administered after normal vaginal birth."}, {"url": "1286498", "index": 89, "title": "Reversal of central benzodiazepine effects by flumazenil after intravenous conscious sedation with diazepam and opioids: report of a double-blind multicenter study. The Flumazenil in Intravenous Conscious Sedation with Diazepam Multicenter Study Group II."}, {"url": "7457821", "index": 103, "title": "Etomidate: a foreshortened clinical trial."}, {"url": "15811908", "index": 115, "title": "Pheochromocytoma unmasked by amisulpride and tiapride."}, {"url": "24618873", "index": 98, "title": "Cerebellar and oculomotor dysfunction induced by rapid infusion of pethidine."}, {"url": "424937", "index": 97, "title": "Patterns of hepatic injury induced by methyldopa."}, {"url": "1664218", "index": 1, "title": "Phase II study of the amsacrine analogue CI-921 (NSC 343499) in non-small cell lung cancer."}, {"url": "1664218", "index": 1, "title": "Phase II study of the amsacrine analogue CI-921 (NSC 343499) in non-small cell lung cancer."}, {"url": "1664218", "index": 1, "title": "Phase II study of the amsacrine analogue CI-921 (NSC 343499) in non-small cell lung cancer."}, {"url": "1664218", "index": 1, "title": "Phase II study of the amsacrine analogue CI-921 (NSC 343499) in non-small cell lung cancer."}, {"url": "1664218", "index": 1, "title": "Phase II study of the amsacrine analogue CI-921 (NSC 343499) in non-small cell lung cancer."}, {"url": "1664218", "index": 1, "title": "Phase II study of the amsacrine analogue CI-921 (NSC 343499) in non-small cell lung cancer."}, {"url": "1664218", "index": 1, "title": "Phase II study of the amsacrine analogue CI-921 (NSC 343499) in non-small cell lung cancer."}, {"url": "1664218", "index": 1, "title": "Phase II study of the amsacrine analogue CI-921 (NSC 343499) in non-small cell lung cancer."}, {"url": "1664218", "index": 1, "title": "Phase II study of the amsacrine analogue CI-921 (NSC 343499) in non-small cell lung cancer."}, {"url": "1664218", "index": 1, "title": "Phase II study of the amsacrine analogue CI-921 (NSC 343499) in non-small cell lung cancer."}, {"url": "1664218", "index": 1, "title": "Phase II study of the amsacrine analogue CI-921 (NSC 343499) in non-small cell lung cancer."}, {"url": "1664218", "index": 1, "title": "Phase II study of the amsacrine analogue CI-921 (NSC 343499) in non-small cell lung cancer."}, {"url": "1664218", "index": 1, "title": "Phase II study of the amsacrine analogue CI-921 (NSC 343499) in non-small cell lung cancer."}, {"url": "11007689", "index": 2, "title": "Cyclosporine and tacrolimus-associated thrombotic microangiopathy."}, {"url": "15859940", "index": 4, "title": "Causes of acute thrombotic microangiopathy in patients receiving kidney transplantation."}, {"url": "22836123", "index": 5, "title": "Late-onset scleroderma renal crisis induced by tacrolimus and prednisolone: a case report."}, {"url": "11007689", "index": 2, "title": "Cyclosporine and tacrolimus-associated thrombotic microangiopathy."}, {"url": "15859940", "index": 4, "title": "Causes of acute thrombotic microangiopathy in patients receiving kidney transplantation."}, {"url": "22836123", "index": 5, "title": "Late-onset scleroderma renal crisis induced by tacrolimus and prednisolone: a case report."}, {"url": "19135948", "index": 116, "title": "Graft-versus-host disease prophylaxis with everolimus and tacrolimus is associated with a high incidence of sinusoidal obstruction syndrome and microangiopathy: results of the EVTAC trial."}, {"url": "11007689", "index": 2, "title": "Cyclosporine and tacrolimus-associated thrombotic microangiopathy."}, {"url": "11007689", "index": 2, "title": "Cyclosporine and tacrolimus-associated thrombotic microangiopathy."}, {"url": "11007689", "index": 2, "title": "Cyclosporine and tacrolimus-associated thrombotic microangiopathy."}, {"url": "15859940", "index": 4, "title": "Causes of acute thrombotic microangiopathy in patients receiving kidney transplantation."}, {"url": "22836123", "index": 5, "title": "Late-onset scleroderma renal crisis induced by tacrolimus and prednisolone: a case report."}, {"url": "11007689", "index": 2, "title": "Cyclosporine and tacrolimus-associated thrombotic microangiopathy."}, {"url": "2070391", "index": 117, "title": "Reduction in injection pain using buffered lidocaine as a local anesthetic before cardiac catheterization."}, {"url": "10219427", "index": 118, "title": "Positive skin tests in late reactions to radiographic contrast media."}, {"url": "19269743", "index": 119, "title": "Explicit episodic memory for sensory-discriminative components of capsaicin-induced pain: immediate and delayed ratings."}, {"url": "12202650", "index": 120, "title": "Capsaicin-induced muscle pain alters the excitability of the human jaw-stretch reflex."}, {"url": "14616590", "index": 121, "title": "Pharmacological characteristics and side effects of a new galenic formulation of propofol without soyabean oil."}, {"url": "6103707", "index": 122, "title": "Comparison of the subjective effects and plasma concentrations following oral and i.m. administration of flunitrazepam in volunteers."}, {"url": "7176945", "index": 123, "title": "Post-suxamethonium pains in Nigerian surgical patients."}, {"url": "9272404", "index": 124, "title": "The negative mucosal potential: separating central and peripheral effects of NSAIDs in man."}, {"url": "8595686", "index": 125, "title": "Thiopentone pretreatment for propofol injection pain in ambulatory patients."}, {"url": "2383364", "index": 126, "title": "Patient tolerance study of topical chlorhexidine diphosphanilate: a new topical agent for burns."}, {"url": "1779253", "index": 127, "title": "Topical 0.025% capsaicin in chronic post-herpetic neuralgia: efficacy, predictors of response and long-term course."}, {"url": "17931375", "index": 128, "title": "A study on the effect of the duration of subcutaneous heparin injection on bruising and pain."}, {"url": "10743446", "index": 129, "title": "Differential effects of systemically administered ketamine and lidocaine on dynamic and static hyperalgesia induced by intradermal capsaicin in humans."}, {"url": "18023325", "index": 130, "title": "Acute vocal fold palsy after acute disulfiram intoxication."}, {"url": "20927253", "index": 131, "title": "Diffuse skeletal pain after administration of alendronate."}, {"url": "11263551", "index": 7, "title": "Calcineurin-inhibitor induced pain syndrome (CIPS): a severe disabling complication after organ transplantation."}, {"url": "23666265", "index": 132, "title": "The function of P2X3 receptor and NK1 receptor antagonists on cyclophosphamide-induced cystitis in rats."}, {"url": "7457821", "index": 103, "title": "Etomidate: a foreshortened clinical trial."}, {"url": "18006530", "index": 133, "title": "Reduction of pain during induction with target-controlled propofol and remifentanil."}, {"url": "7977601", "index": 109, "title": "Survey of complications of indocyanine green angiography in Japan."}, {"url": "9514561", "index": 134, "title": "Experimental cranial pain elicited by capsaicin: a PET study."}, {"url": "612112", "index": 135, "title": "Total intravenous anesthesia with etomidate. III. Some observations in adults."}, {"url": "11263551", "index": 7, "title": "Calcineurin-inhibitor induced pain syndrome (CIPS): a severe disabling complication after organ transplantation."}, {"url": "11263551", "index": 7, "title": "Calcineurin-inhibitor induced pain syndrome (CIPS): a severe disabling complication after organ transplantation."}, {"url": "17147461", "index": 136, "title": "Sirolimus-associated proteinuria and renal dysfunction."}, {"url": "20192893", "index": 137, "title": "Contrast medium nephrotoxicity after renal artery and coronary angioplasty."}, {"url": "11176729", "index": 138, "title": "Toleration of high doses of angiotensin-converting enzyme inhibitors in patients with chronic heart failure: results from the ATLAS trial. The Assessment of Treatment with Lisinopril and Survival."}, {"url": "7791169", "index": 139, "title": "Protective effect of misoprostol on indomethacin induced renal dysfunction in elderly patients."}, {"url": "11773892", "index": 9, "title": "End-stage renal disease (ESRD) after orthotopic liver transplantation (OLTX) using calcineurin-based immunotherapy: risk of development and treatment."}, {"url": "7661171", "index": 140, "title": "The dose-dependent effect of misoprostol on indomethacin-induced renal dysfunction in well compensated cirrhosis."}, {"url": "11773892", "index": 9, "title": "End-stage renal disease (ESRD) after orthotopic liver transplantation (OLTX) using calcineurin-based immunotherapy: risk of development and treatment."}, {"url": "20192893", "index": 137, "title": "Contrast medium nephrotoxicity after renal artery and coronary angioplasty."}, {"url": "12571256", "index": 141, "title": "Nephrotoxic effects in high-risk patients undergoing angiography."}, {"url": "17147461", "index": 136, "title": "Sirolimus-associated proteinuria and renal dysfunction."}, {"url": "6728084", "index": 142, "title": "Nephrotoxic effects of aminoglycoside treatment on renal protein reabsorption and accumulation."}, {"url": "2320800", "index": 143, "title": "Lethal anuria complicating high dose ifosfamide chemotherapy in a breast cancer patient with an impaired renal function."}, {"url": "2802551", "index": 144, "title": "Sodium status influences chronic amphotericin B nephrotoxicity in rats."}, {"url": "7542793", "index": 145, "title": "Nephrotoxicity of cyclosporin A and FK506: inhibition of calcineurin phosphatase."}, {"url": "12584269", "index": 146, "title": "Kidney function and morphology after short-term combination therapy with cyclosporine A, tacrolimus and sirolimus in the rat."}, {"url": "11773892", "index": 9, "title": "End-stage renal disease (ESRD) after orthotopic liver transplantation (OLTX) using calcineurin-based immunotherapy: risk of development and treatment."}, {"url": "3950060", "index": 147, "title": "Factors associated with nephrotoxicity and clinical outcome in patients receiving amikacin."}, {"url": "3708922", "index": 11, "title": "Experimental cyclosporine nephrotoxicity: risk of concomitant chemotherapy."}, {"url": "11773892", "index": 9, "title": "End-stage renal disease (ESRD) after orthotopic liver transplantation (OLTX) using calcineurin-based immunotherapy: risk of development and treatment."}, {"url": "3708922", "index": 11, "title": "Experimental cyclosporine nephrotoxicity: risk of concomitant chemotherapy."}, {"url": "11007689", "index": 2, "title": "Cyclosporine and tacrolimus-associated thrombotic microangiopathy."}, {"url": "15859940", "index": 4, "title": "Causes of acute thrombotic microangiopathy in patients receiving kidney transplantation."}, {"url": "22836123", "index": 5, "title": "Late-onset scleroderma renal crisis induced by tacrolimus and prednisolone: a case report."}, {"url": "11007689", "index": 2, "title": "Cyclosporine and tacrolimus-associated thrombotic microangiopathy."}, {"url": "15859940", "index": 4, "title": "Causes of acute thrombotic microangiopathy in patients receiving kidney transplantation."}, {"url": "22836123", "index": 5, "title": "Late-onset scleroderma renal crisis induced by tacrolimus and prednisolone: a case report."}, {"url": "11334364", "index": 148, "title": "In vivo protection of dna damage associated apoptotic and necrotic cell deaths during acetaminophen-induced nephrotoxicity, amiodarone-induced lung toxicity and doxorubicin-induced cardiotoxicity by a novel IH636 grape seed proanthocyanidin extract."}, {"url": "6203452", "index": 149, "title": "Thrombotic microangiopathy and renal failure associated with antineoplastic chemotherapy."}, {"url": "25119790", "index": 150, "title": "Curcumin prevents maleate-induced nephrotoxicity: relation to hemodynamic alterations, oxidative stress, mitochondrial oxygen consumption and activity of respiratory complex I."}, {"url": "20192893", "index": 137, "title": "Contrast medium nephrotoxicity after renal artery and coronary angioplasty."}, {"url": "16112787", "index": 151, "title": "In vivo evidences suggesting the role of oxidative stress in pathogenesis of vancomycin-induced nephrotoxicity: protection by erdosteine."}, {"url": "6806735", "index": 152, "title": "Treatment of ovarian cancer with a combination of cis-platinum, adriamycin, cyclophosphamide and hexamethylmelamine."}, {"url": "18356633", "index": 153, "title": "An evaluation of amikacin nephrotoxicity in the hematology/oncology population."}, {"url": "7542793", "index": 145, "title": "Nephrotoxicity of cyclosporin A and FK506: inhibition of calcineurin phosphatase."}, {"url": "3311455", "index": 6, "title": "Cardiac transplantation: improved quality of survival with a modified immunosuppressive protocol."}, {"url": "12165618", "index": 154, "title": "Persistent sterile leukocyturia is associated with impaired renal function in human immunodeficiency virus type 1-infected children treated with indinavir."}, {"url": "3535719", "index": 155, "title": "Relative efficacy and toxicity of netilmicin and tobramycin in oncology patients."}, {"url": "2802551", "index": 144, "title": "Sodium status influences chronic amphotericin B nephrotoxicity in rats."}, {"url": "11583940", "index": 8, "title": "Sirolimus and mycophenolate mofetil for calcineurin-free immunosuppression in renal transplant recipients."}, {"url": "10743694", "index": 156, "title": "Treatment of tacrolimus-related adverse effects by conversion to cyclosporine in liver transplant recipients."}, {"url": "3431591", "index": 157, "title": "Recent preclinical and clinical studies with the thymidylate synthase inhibitor N10-propargyl-5,8-dideazafolic acid (CB 3717)."}, {"url": "3950060", "index": 147, "title": "Factors associated with nephrotoxicity and clinical outcome in patients receiving amikacin."}, {"url": "3538855", "index": 158, "title": "Studies of risk factors for aminoglycoside nephrotoxicity."}, {"url": "11063349", "index": 10, "title": "Conversion to rapamycin immunosuppression in renal transplant recipients: report of an initial experience."}, {"url": "3708922", "index": 11, "title": "Experimental cyclosporine nephrotoxicity: risk of concomitant chemotherapy."}, {"url": "11745184", "index": 159, "title": "A Phase II trial of cisplatin plus WR-2721 (amifostine) for metastatic breast carcinoma: an Eastern Cooperative Oncology Group Study (E8188)."}, {"url": "11063349", "index": 10, "title": "Conversion to rapamycin immunosuppression in renal transplant recipients: report of an initial experience."}, {"url": "3708922", "index": 11, "title": "Experimental cyclosporine nephrotoxicity: risk of concomitant chemotherapy."}, {"url": "3311455", "index": 6, "title": "Cardiac transplantation: improved quality of survival with a modified immunosuppressive protocol."}, {"url": "11583940", "index": 8, "title": "Sirolimus and mycophenolate mofetil for calcineurin-free immunosuppression in renal transplant recipients."}, {"url": "3431591", "index": 157, "title": "Recent preclinical and clinical studies with the thymidylate synthase inhibitor N10-propargyl-5,8-dideazafolic acid (CB 3717)."}, {"url": "3708922", "index": 11, "title": "Experimental cyclosporine nephrotoxicity: risk of concomitant chemotherapy."}, {"url": "1720453", "index": 160, "title": "Long-term follow-up of ifosfamide renal toxicity in children treated for malignant mesenchymal tumors: an International Society of Pediatric Oncology report."}, {"url": "3708922", "index": 11, "title": "Experimental cyclosporine nephrotoxicity: risk of concomitant chemotherapy."}, {"url": "11773892", "index": 9, "title": "End-stage renal disease (ESRD) after orthotopic liver transplantation (OLTX) using calcineurin-based immunotherapy: risk of development and treatment."}, {"url": "3708922", "index": 11, "title": "Experimental cyclosporine nephrotoxicity: risk of concomitant chemotherapy."}, {"url": "11063349", "index": 10, "title": "Conversion to rapamycin immunosuppression in renal transplant recipients: report of an initial experience."}, {"url": "3708922", "index": 11, "title": "Experimental cyclosporine nephrotoxicity: risk of concomitant chemotherapy."}, {"url": "3311455", "index": 6, "title": "Cardiac transplantation: improved quality of survival with a modified immunosuppressive protocol."}, {"url": "11583940", "index": 8, "title": "Sirolimus and mycophenolate mofetil for calcineurin-free immunosuppression in renal transplant recipients."}, {"url": "11063349", "index": 10, "title": "Conversion to rapamycin immunosuppression in renal transplant recipients: report of an initial experience."}, {"url": "3708922", "index": 11, "title": "Experimental cyclosporine nephrotoxicity: risk of concomitant chemotherapy."}, {"url": "3311455", "index": 6, "title": "Cardiac transplantation: improved quality of survival with a modified immunosuppressive protocol."}, {"url": "11583940", "index": 8, "title": "Sirolimus and mycophenolate mofetil for calcineurin-free immunosuppression in renal transplant recipients."}, {"url": "11063349", "index": 10, "title": "Conversion to rapamycin immunosuppression in renal transplant recipients: report of an initial experience."}, {"url": "3708922", "index": 11, "title": "Experimental cyclosporine nephrotoxicity: risk of concomitant chemotherapy."}, {"url": "3311455", "index": 6, "title": "Cardiac transplantation: improved quality of survival with a modified immunosuppressive protocol."}, {"url": "11583940", "index": 8, "title": "Sirolimus and mycophenolate mofetil for calcineurin-free immunosuppression in renal transplant recipients."}, {"url": "11007689", "index": 2, "title": "Cyclosporine and tacrolimus-associated thrombotic microangiopathy."}, {"url": "15859940", "index": 4, "title": "Causes of acute thrombotic microangiopathy in patients receiving kidney transplantation."}, {"url": "22836123", "index": 5, "title": "Late-onset scleroderma renal crisis induced by tacrolimus and prednisolone: a case report."}, {"url": "24971338", "index": 3, "title": "Conversion to sirolimus ameliorates cyclosporine-induced nephropathy in the rat: focus on serum, urine, gene, and protein renal expression biomarkers."}, {"url": "24971338", "index": 3, "title": "Conversion to sirolimus ameliorates cyclosporine-induced nephropathy in the rat: focus on serum, urine, gene, and protein renal expression biomarkers."}, {"url": "24220752", "index": 161, "title": "Incidence of contrast-induced nephropathy in hospitalised patients with cancer."}, {"url": "8160791", "index": 162, "title": "Mechanisms for protective effects of free radical scavengers on gentamicin-mediated nephropathy in rats."}, {"url": "8825380", "index": 163, "title": "The effect of recombinant human insulin-like growth factor-I on chronic puromycin aminonucleoside nephropathy in rats."}, {"url": "19967075", "index": 164, "title": "Decreased Expression of Na/K-ATPase, NHE3, NBC1, AQP1 and OAT in Gentamicin-induced Nephropathy."}, {"url": "17035713", "index": 165, "title": "Chloroacetaldehyde as a sulfhydryl reagent: the role of critical thiol groups in ifosfamide nephropathy."}, {"url": "12571256", "index": 141, "title": "Nephrotoxic effects in high-risk patients undergoing angiography."}, {"url": "20195852", "index": 166, "title": "Risk of nephropathy after consumption of nonionic contrast media by children undergoing cardiac angiography: a prospective study."}, {"url": "24971338", "index": 3, "title": "Conversion to sirolimus ameliorates cyclosporine-induced nephropathy in the rat: focus on serum, urine, gene, and protein renal expression biomarkers."}, {"url": "17147461", "index": 136, "title": "Sirolimus-associated proteinuria and renal dysfunction."}, {"url": "7881871", "index": 167, "title": "Time course of lipid peroxidation in puromycin aminonucleoside-induced nephropathy."}, {"url": "3864191", "index": 168, "title": "Salicylate nephropathy in the Gunn rat: potential role of prostaglandins."}, {"url": "25119790", "index": 150, "title": "Curcumin prevents maleate-induced nephrotoxicity: relation to hemodynamic alterations, oxidative stress, mitochondrial oxygen consumption and activity of respiratory complex I."}, {"url": "3375885", "index": 169, "title": "Hyperkalemia induced by indomethacin and naproxen and reversed by fludrocortisone."}, {"url": "17562951", "index": 170, "title": "Cardiac Angiography in Renally Impaired Patients (CARE) study: a randomized double-blind trial of contrast-induced nephropathy in patients with chronic kidney disease."}, {"url": "24971338", "index": 3, "title": "Conversion to sirolimus ameliorates cyclosporine-induced nephropathy in the rat: focus on serum, urine, gene, and protein renal expression biomarkers."}, {"url": "24971338", "index": 3, "title": "Conversion to sirolimus ameliorates cyclosporine-induced nephropathy in the rat: focus on serum, urine, gene, and protein renal expression biomarkers."}, {"url": "3108839", "index": 171, "title": "Mitomycin C associated hemolytic uremic syndrome."}, {"url": "24971338", "index": 3, "title": "Conversion to sirolimus ameliorates cyclosporine-induced nephropathy in the rat: focus on serum, urine, gene, and protein renal expression biomarkers."}], "links": [{"source": 0, "type": "surrounded by", "target": 1, "weight": 100}, {"source": 2, "type": "components of", "target": 1, "weight": 100}, {"source": 3, "type": "action of", "target": 2, "weight": 100}, {"source": 4, "type": "inhibiting binding to", "target": 3, "weight": 100}, {"source": 5, "type": "destroy", "target": 4, "weight": 100}, {"source": 5, "type": "cause", "target": 6, "weight": 100}, {"source": 5, "type": "resist to", "target": 8, "weight": 100}, {"source": 7, "type": "allergy to", "target": 8, "weight": 100}, {"cover": "data/word_clouds/square_bacteria_infection$$penicillin.png", "source": 8, "type": "treat", "target": 9, "weight": 100}, {"source": 8, "type": "contain", "target": 4, "weight": 100}, {"source": 6, "pmid": [1], "type": "Chemical", "target": 10, "weight": 100}, {"source": 6, "pmid": [1], "type": "Chemical", "target": 11, "weight": 100}, {"source": 6, "pmid": [1], "type": "Chemical", "target": 12, "weight": 100}, {"source": 6, "pmid": [0], "type": "Chemical", "target": 13, "weight": 100}, {"source": 6, "pmid": [0], "type": "Chemical", "target": 14, "weight": 100}, {"source": 6, "pmid": [0], "type": "Chemical", "target": 15, "weight": 100}, {"source": 10, "pmid": [1], "type": "Disease", "target": 6, "weight": 100}, {"source": 10, "pmid": [1], "type": "Disease", "target": 16, "weight": 100}, {"source": 10, "pmid": [1], "type": "Disease", "target": 17, "weight": 100}, {"source": 10, "pmid": [1], "type": "Disease", "target": 18, "weight": 100}, {"source": 10, "pmid": [1], "type": "Disease", "target": 19, "weight": 100}, {"source": 10, "pmid": [1], "type": "Disease", "target": 20, "weight": 100}, {"source": 11, "pmid": [1], "type": "Disease", "target": 6, "weight": 100}, {"source": 11, "pmid": [1], "type": "Disease", "target": 16, "weight": 100}, {"source": 11, "pmid": [1], "type": "Disease", "target": 17, "weight": 100}, {"source": 11, "pmid": [1], "type": "Disease", "target": 18, "weight": 100}, {"source": 11, "pmid": [1], "type": "Disease", "target": 19, "weight": 100}, {"source": 11, "pmid": [1], "type": "Disease", "target": 20, "weight": 100}, {"source": 12, "pmid": [1], "type": "Disease", "target": 6, "weight": 100}, {"source": 12, "pmid": [1], "type": "Disease", "target": 16, "weight": 100}, {"source": 12, "pmid": [1], "type": "Disease", "target": 17, "weight": 100}, {"source": 12, "pmid": [1], "type": "Disease", "target": 18, "weight": 100}, {"source": 12, "pmid": [1], "type": "Disease", "target": 19, "weight": 100}, {"source": 12, "pmid": [1], "type": "Disease", "target": 20, "weight": 100}, {"source": 13, "pmid": [2, 4, 5], "type": "Disease", "target": 21, "weight": 100}, {"source": 13, "pmid": [2], "type": "Disease", "target": 22, "weight": 100}, {"source": 13, "pmid": [2, 4, 5], "type": "Disease", "target": 21, "weight": 100}, {"source": 13, "pmid": [2], "type": "Disease", "target": 22, "weight": 100}, {"source": 13, "pmid": [7], "type": "Disease", "target": 23, "weight": 100}, {"source": 13, "pmid": [7], "type": "Disease", "target": 23, "weight": 100}, {"source": 13, "pmid": [9], "type": "Disease", "target": 24, "weight": 100}, {"source": 13, "pmid": [9, 11], "type": "Disease", "target": 25, "weight": 100}, {"source": 13, "pmid": [2, 4, 5], "type": "Disease", "target": 21, "weight": 100}, {"source": 13, "pmid": [2, 4, 5], "type": "Disease", "target": 21, "weight": 100}, {"source": 13, "pmid": [10, 11, 6, 8], "type": "Disease", "target": 26, "weight": 100}, {"source": 13, "pmid": [11], "type": "Disease", "target": 27, "weight": 100}, {"source": 13, "pmid": [9, 11], "type": "Disease", "target": 25, "weight": 100}, {"source": 13, "pmid": [10, 11, 6, 8], "type": "Disease", "target": 26, "weight": 100}, {"source": 13, "pmid": [10, 11, 6, 8], "type": "Disease", "target": 26, "weight": 100}, {"source": 13, "pmid": [10, 11, 6, 8], "type": "Disease", "target": 26, "weight": 100}, {"source": 13, "pmid": [2, 4, 5], "type": "Disease", "target": 21, "weight": 100}, {"source": 13, "pmid": [3], "type": "Disease", "target": 28, "weight": 100}, {"source": 13, "pmid": [3], "type": "Disease", "target": 29, "weight": 100}, {"source": 13, "pmid": [3], "type": "Disease", "target": 30, "weight": 100}]}