{
  "nodes": [
    {
      "index": 0, 
      "links": [
        11, 
        19, 
        20, 
        16
      ], 
      "score": 8.05406665802002, 
      "level": 1, 
      "title": "La vita \u00e8 bella", 
      "cover": "http://d3gtl9l2a4fn1j.cloudfront.net/t/p/w342/f7DImXDebOs148U4uPjI61iDvaK.jpg", 
      "label": "La vita \u00e8 bella (1997)", 
      "director": "Roberto Benigni", 
      "cast": "Nicoletta Braschi, Roberto Benigni, Horst Buchholz, Pietro De Silva, Marisa Paredes", 
      "year": 1997, 
      "duration": "116 minutes", 
      "genre": "Drama, Comedy", 
      "id": 1760
    }, 
    {
      "index": 1, 
      "links": [
        5, 
        7, 
        4
      ], 
      "score": 8.040080070495605, 
      "level": 1, 
      "title": "The Godfather", 
      "cover": "http://d3gtl9l2a4fn1j.cloudfront.net/t/p/w342/d4KNaTrltq6bpkFS01pYtyXa09m.jpg", 
      "label": "The Godfather (1972)", 
      "director": "Francis Ford Coppola", 
      "cast": "Marlon Brando, Al Pacino, James Caan, Robert Duvall, Sterling Hayden, Richard Conte, Al Lettieri, Diane Keaton, Abe Vigoda, Talia Shire", 
      "year": 1972, 
      "duration": "175 minutes", 
      "genre": "Drama, Crime", 
      "id": 1808
    }, 
    {
      "index": 2, 
      "links": [
        14, 
        18, 
        19, 
        4, 
        12
      ], 
      "score": 7.986302852630615, 
      "level": 2, 
      "title": "Blade Runner", 
      "cover": "http://d3gtl9l2a4fn1j.cloudfront.net/t/p/w342/p64TtbZGCElxQHpAMWmDHkWJlH2.jpg", 
      "label": "Blade Runner (1982)", 
      "director": "Ridley Scott", 
      "cast": "Harrison Ford, Rutger Hauer, Sean Young, Edward James Olmos, M. Emmet Walsh, Daryl Hannah, William Sanderson, Brion James, Joe Turkel, Joanna Cassidy", 
      "year": 1982, 
      "duration": "117 minutes", 
      "genre": "Drama, Sci-Fi, Thriller", 
      "id": 1751139
    }, 
    {
      "index": 3, 
      "links": [
        4, 
        9, 
        6
      ], 
      "score": 7.705840110778809, 
      "level": 3, 
      "title": "Reservoir Dogs", 
      "cover": "http://d3gtl9l2a4fn1j.cloudfront.net/t/p/w342/s6YVEP7vhGRz34kMyZOIs4gKNja.jpg", 
      "label": "Reservoir Dogs (1992)", 
      "director": "Quentin Tarantino", 
      "cast": "Tim Roth, Michael Madsen, Chris Penn, Steve Buscemi, Lawrence Tierney, Randy Brooks, Quentin Tarantino, Harvey Keitel, Kirk Baltz", 
      "year": 1992, 
      "duration": "99 minutes", 
      "genre": "Thriller, Crime", 
      "id": 1751993
    }, 
    {
      "index": 4, 
      "links": [
        1, 
        3, 
        2, 
        9, 
        6
      ], 
      "score": 7.947475433349609, 
      "level": 2, 
      "title": "Pulp Fiction", 
      "cover": "http://d3gtl9l2a4fn1j.cloudfront.net/t/p/w342/dM2w364MScsjFf8pfMbaWUcWrR.jpg", 
      "label": "Pulp Fiction (1994)", 
      "director": "Quentin Tarantino", 
      "cast": "John Travolta, Samuel L. Jackson, Uma Thurman, Harvey Keitel, Tim Roth, Amanda Plummer, Maria de Medeiros, Ving Rhames, Eric Stoltz, Rosanna Arquette", 
      "year": 1994, 
      "duration": "154 minutes", 
      "genre": "Thriller, Crime", 
      "id": 1750341
    }, 
    {
      "index": 5, 
      "links": [
        1, 
        7
      ], 
      "score": 7.819535732269287, 
      "level": 2, 
      "title": "The Godfather: Part II", 
      "cover": "http://d3gtl9l2a4fn1j.cloudfront.net/t/p/w342/tHbMIIF51rguMNSastqoQwR0sBs.jpg", 
      "label": "The Godfather: Part II (1974)", 
      "director": "Francis Ford Coppola", 
      "cast": "Al Pacino, Robert Duvall, Diane Keaton, Robert De Niro, John Cazale, Talia Shire, Lee Strasberg, Michael V. Gazzo, G.D. Spradlin, Richard Bright", 
      "year": 1974, 
      "duration": "200 minutes", 
      "genre": "Drama, Crime", 
      "id": 1809
    }, 
    {
      "index": 6, 
      "links": [
        3, 
        15, 
        4
      ], 
      "score": 7.526015758514404, 
      "level": 3, 
      "title": "Inglourious Basterds", 
      "cover": "http://d3gtl9l2a4fn1j.cloudfront.net/t/p/w342/vDwqPyhkzFPRDmwz9KbzN2ouEPe.jpg", 
      "label": "Inglourious Basterds (2009)", 
      "director": "Quentin Tarantino", 
      "cast": "Brad Pitt, Christoph Waltz, M\u00e9lanie Laurent, Diane Kruger, Michael Fassbender, Samuel L. Jackson, Eli Roth, Til Schweiger, B.J. Novak, Gedeon Burkhard", 
      "year": 2009, 
      "duration": "153 minutes", 
      "genre": "Action, Drama, War, Thriller", 
      "id": 1758919
    }, 
    {
      "index": 7, 
      "links": [
        1, 
        5
      ], 
      "score": 7.332101821899414, 
      "level": 2, 
      "title": "The Godfather: Part III", 
      "cover": "http://d3gtl9l2a4fn1j.cloudfront.net/t/p/w342/uzaP0L7BEprcJHCuwbaHiYT0UYX.jpg", 
      "label": "The Godfather: Part III (1990)", 
      "director": "Francis Ford Coppola", 
      "cast": "Al Pacino, Diane Keaton, Andy Garcia, Talia Shire, Sofia Coppola, Eli Wallach, Joe Mantegna, George Hamilton, Bridget Fonda, Raf Vallone", 
      "year": 1990, 
      "duration": "162 minutes", 
      "genre": "Action, Drama, Thriller, Crime", 
      "id": 876
    }, 
    {
      "index": 8, 
      "links": [
        15, 
        20
      ], 
      "score": 7.607611179351807, 
      "level": 3, 
      "title": "The Truman Show", 
      "cover": "http://d3gtl9l2a4fn1j.cloudfront.net/t/p/w342/j7E8pJprHyphmJC1QYy7rKsDGxo.jpg", 
      "label": "The Truman Show (1998)", 
      "director": "Peter Weir", 
      "cast": "Jim Carrey, Laura Linney, Noah Emmerich, Natascha McElhone, Ed Harris, Holland Taylor, Brian Delate, Heidi Schanz, Don Taylor, Ted Raymond", 
      "year": 1998, 
      "duration": "103 minutes", 
      "genre": "Drama, Comedy", 
      "id": 1752882
    }, 
    {
      "index": 9, 
      "links": [
        3, 
        4, 
        12
      ], 
      "score": 7.833806037902832, 
      "level": 2, 
      "title": "The Big Lebowski", 
      "cover": "http://d3gtl9l2a4fn1j.cloudfront.net/t/p/w342/aHaVjVoXeNanfwUwQ92SG7tosFM.jpg", 
      "label": "The Big Lebowski (1998)", 
      "director": "Joel Coen, Ethan Coen", 
      "cast": "Jeff Bridges, John Goodman, Steve Buscemi, Julianne Moore, David Huddleston, Philip Seymour Hoffman, Tara Reid, Mark Pellegrino, Peter Stormare, Flea", 
      "year": 1998, 
      "duration": "117 minutes", 
      "genre": "Comedy, Crime", 
      "id": 1752942
    }, 
    {
      "index": 10, 
      "links": [], 
      "score": 8.107501029968262, 
      "level": 1, 
      "title": "Lost", 
      "cover": "http://d3gtl9l2a4fn1j.cloudfront.net/t/p/w342/j3NVKm1fSDM5j1ryeO7LGIWJV7K.jpg", 
      "label": "Lost (2004)", 
      "director": "Darren Lemke ", 
      "cast": "Dean Cain, Ashley Scott, Danny Trejo, Justin Henry", 
      "year": 2004, 
      "duration": "90 minutes", 
      "genre": "Action, Thriller", 
      "id": 2095
    }, 
    {
      "index": 11, 
      "links": [
        0, 
        17, 
        13, 
        16
      ], 
      "score": 8.05465316772461, 
      "level": 1, 
      "title": "Gladiator", 
      "cover": "http://d3gtl9l2a4fn1j.cloudfront.net/t/p/w342/6WBIzCgmDCYrqh64yDREGeDk9d3.jpg", 
      "label": "Gladiator (2000)", 
      "director": "Ridley Scott", 
      "cast": "Russell Crowe, Joaquin Phoenix, Connie Nielsen, Oliver Reed, Richard Harris, Derek Jacobi, Djimon Hounsou, John Shrapnel, Tomas Arana, Ralf Moeller", 
      "year": 2000, 
      "duration": "155 minutes", 
      "genre": "Action, Drama, Adventure", 
      "id": 1755472
    }, 
    {
      "index": 12, 
      "links": [
        14, 
        2, 
        9
      ], 
      "score": 8.146673202514648, 
      "level": 1, 
      "title": "The Adventures of Ford Fairlane", 
      "cover": "http://d3gtl9l2a4fn1j.cloudfront.net/t/p/w342/2MzZtmbazP5dUXrJHffKMn1lsrr.jpg", 
      "label": "The Adventures of Ford Fairlane (1990)", 
      "director": "Renny Harlin", 
      "cast": "Andrew Dice Clay, Priscilla Presley, Lauren Holly, Ed O'Neill, Maddie Corman, Gilbert Gottfried, Robert Englund, Sheila E., Kari Wuhrer, Pamela Adlon", 
      "year": 1990, 
      "duration": "104 minutes", 
      "genre": "Action, Mystery, Comedy, Thriller, Crime", 
      "id": 1756463
    }, 
    {
      "index": 13, 
      "links": [
        11, 
        20, 
        16
      ], 
      "score": 8.112346649169922, 
      "level": 1, 
      "title": "Cast Away", 
      "cover": "http://d3gtl9l2a4fn1j.cloudfront.net/t/p/w342/w515BrZvczKIxbHurG6HIiYYrba.jpg", 
      "label": "Cast Away (2000)", 
      "director": "Robert Zemeckis", 
      "cast": "Tom Hanks, Helen Hunt, Chris Noth, Paul Sanchez, Nick Searcy", 
      "year": 2000, 
      "duration": "143 minutes", 
      "genre": "Drama, Adventure", 
      "id": 1758482
    }, 
    {
      "index": 14, 
      "links": [
        18, 
        2, 
        12
      ], 
      "score": 7.890693187713623, 
      "level": 2, 
      "title": "Top Secret!", 
      "cover": "http://d3gtl9l2a4fn1j.cloudfront.net/t/p/w342/2ArC4IAAGXf3hTVJCzQfE0G5Vbf.jpg", 
      "label": "Top Secret! (1984)", 
      "director": "Jim Abrahams, David Zucker, Jerry Zucker", 
      "cast": "Val Kilmer, Peter Cushing, Jeremy Kemp, Christopher Villiers, Warren Clarke, Jim Carter, Omar Sharif, Tristram Jellinek, Ian McNeice", 
      "year": 1984, 
      "duration": "90 minutes", 
      "genre": "Action, Comedy, Adventure", 
      "id": 1775969
    }, 
    {
      "index": 15, 
      "links": [
        8, 
        16, 
        20, 
        6
      ], 
      "score": 7.626762866973877, 
      "level": 3, 
      "title": "Se7en", 
      "cover": "http://d3gtl9l2a4fn1j.cloudfront.net/t/p/w342/mhFXxB76LVgJBIfJM1sAuVBtVKv.jpg", 
      "label": "Se7en (1995)", 
      "director": "David Fincher", 
      "cast": "Brad Pitt, Morgan Freeman, Gwyneth Paltrow, R. Lee Ermey, Kevin Spacey, Daniel Zacapa, John Cassini, Hawthorne James, Richard Roundtree, John C. McGinley", 
      "year": 1995, 
      "duration": "127 minutes", 
      "genre": "Mystery, Thriller, Crime", 
      "id": 1750187
    }, 
    {
      "index": 16, 
      "links": [
        11, 
        0, 
        13, 
        15, 
        19, 
        20
      ], 
      "score": 8.008194923400879, 
      "level": 2, 
      "title": "The Shawshank Redemption", 
      "cover": "http://d3gtl9l2a4fn1j.cloudfront.net/t/p/w342/adAqmzscm4xSYDHw81xiwiLwbhU.jpg", 
      "label": "The Shawshank Redemption (1994)", 
      "director": "Frank Darabont", 
      "cast": "Tim Robbins, Morgan Freeman, Bob Gunton, William Sadler, Clancy Brown, Gil Bellows, Mark Rolston, James Whitmore, Renee Blaine, Brian Delate", 
      "year": 1994, 
      "duration": "142 minutes", 
      "genre": "Drama, Crime", 
      "id": 1749655
    }, 
    {
      "index": 17, 
      "links": [
        11, 
        20
      ], 
      "score": 7.9112324714660645, 
      "level": 2, 
      "title": "Braveheart", 
      "cover": "http://d3gtl9l2a4fn1j.cloudfront.net/t/p/w342/4T4xQJXSdTNbzUrlT6Eh13kiy5H.jpg", 
      "label": "Braveheart (1995)", 
      "director": "Mel Gibson", 
      "cast": "Mel Gibson, Catherine McCormack, Sophie Marceau, Patrick McGoohan, Angus Macfadyen, Brendan Gleeson, James Robinson, James Cosmo, Sean McGinley, Jeanne Marine", 
      "year": 1995, 
      "duration": "177 minutes", 
      "genre": "Action, Drama, War, History", 
      "id": 441
    }, 
    {
      "index": 18, 
      "links": [
        14, 
        2
      ], 
      "score": 7.974382400512695, 
      "level": 3, 
      "title": "Back to the Future", 
      "cover": "http://d3gtl9l2a4fn1j.cloudfront.net/t/p/w342/pTpxQB1N0waaSc3OSn0e9oc8kx9.jpg", 
      "label": "Back to the Future (1985)", 
      "director": "Robert Zemeckis", 
      "cast": "Michael J. Fox, Christopher Lloyd, Lea Thompson, Crispin Glover, Thomas F. Wilson, Marc McClure, Wendie Jo Sperber, George DiCenzo, Frances Lee McCain, James Tolkan", 
      "year": 1985, 
      "duration": "116 minutes", 
      "genre": "Comedy, Adventure, Family, Sci-Fi", 
      "id": 1729
    }, 
    {
      "index": 19, 
      "links": [
        0, 
        2, 
        16
      ], 
      "score": 8.061498641967773, 
      "level": 1, 
      "title": "Nuovo Cinema Paradiso", 
      "cover": "http://d3gtl9l2a4fn1j.cloudfront.net/t/p/w342/omg676j1avsJZrDqpzR4ZaP3XYK.jpg", 
      "label": "Nuovo Cinema Paradiso (1988)", 
      "director": "Giuseppe Tornatore", 
      "cast": "Philippe Noiret, Jacques Perrin, Marco Leonardi, Salvatore Cascio, Agnese Nano, Enzo Cannavale, Leo Gullotta, Pupella Maggio, Leopoldo Trieste, Tano Cimarosa", 
      "year": 1988, 
      "duration": "155 minutes", 
      "genre": "Drama, Romance", 
      "id": 1752091
    }, 
    {
      "index": 20, 
      "links": [
        0, 
        13, 
        16, 
        17, 
        15, 
        8
      ], 
      "score": 7.931217670440674, 
      "level": 2, 
      "title": "Forrest Gump", 
      "cover": "http://d3gtl9l2a4fn1j.cloudfront.net/t/p/w342/pEYI2QILJWMN1ZeEMgMM0jxBVhK.jpg", 
      "label": "Forrest Gump (1994)", 
      "director": "Robert Zemeckis", 
      "cast": "Tom Hanks, Robin Wright, Gary Sinise, Mykelti Williamson, Sally Field, Peter Dobson, Sonny Shroyer, Jed Gillin, Afemo Omilami, Steven Griffith", 
      "year": 1994, 
      "duration": "142 minutes", 
      "genre": "Drama, Romance, Comedy", 
      "id": 1726
    }
  ], 
  "links": [
    {
      "source": 4, 
      "target": 6, 
      "weight": 0.9843096733093262
    }, 
    {
      "source": 20, 
      "target": 16, 
      "weight": 0.9797165393829346
    }, 
    {
      "source": 7, 
      "target": 1, 
      "weight": 0.9768149852752686
    }, 
    {
      "source": 1, 
      "target": 5, 
      "weight": 0.9859523773193359
    }, 
    {
      "source": 11, 
      "target": 13, 
      "weight": 0.9780368804931641
    }, 
    {
      "source": 3, 
      "target": 9, 
      "weight": 0.9703085422515869
    }, 
    {
      "source": 4, 
      "target": 9, 
      "weight": 0.9720525741577148
    }, 
    {
      "source": 0, 
      "target": 16, 
      "weight": 0.9776935577392578
    }, 
    {
      "source": 0, 
      "target": 19, 
      "weight": 0.9435389041900635
    }, 
    {
      "source": 12, 
      "target": 14, 
      "weight": 0.8685884475708009
    }, 
    {
      "source": 4, 
      "target": 2, 
      "weight": 0.9769163131713867
    }, 
    {
      "source": 15, 
      "target": 6, 
      "weight": 0.9849188327789307
    }, 
    {
      "source": 20, 
      "target": 15, 
      "weight": 0.9815845489501953
    }, 
    {
      "source": 20, 
      "target": 8, 
      "weight": 0.9823808670043945
    }, 
    {
      "source": 16, 
      "target": 19, 
      "weight": 0.9391472339630127
    }, 
    {
      "source": 9, 
      "target": 12, 
      "weight": 0.8507022857666017
    }, 
    {
      "source": 17, 
      "target": 11, 
      "weight": 0.9789690971374512
    }, 
    {
      "source": 18, 
      "target": 14, 
      "weight": 0.9611544609069824
    }, 
    {
      "source": 1, 
      "target": 4, 
      "weight": 0.9819421768188477
    }, 
    {
      "source": 2, 
      "target": 14, 
      "weight": 0.9615573883056641
    }, 
    {
      "source": 0, 
      "target": 11, 
      "weight": 0.97902512550354
    }, 
    {
      "source": 16, 
      "target": 13, 
      "weight": 0.9762988090515137
    }, 
    {
      "source": 18, 
      "target": 2, 
      "weight": 0.973982572555542
    }, 
    {
      "source": 2, 
      "target": 19, 
      "weight": 0.9483108520507812
    }, 
    {
      "source": 20, 
      "target": 0, 
      "weight": 0.9794244766235352
    }, 
    {
      "source": 16, 
      "target": 11, 
      "weight": 0.9789643287658691
    }, 
    {
      "source": 7, 
      "target": 5, 
      "weight": 0.985964298248291
    }, 
    {
      "source": 16, 
      "target": 15, 
      "weight": 0.9803555011749268
    }, 
    {
      "source": 20, 
      "target": 13, 
      "weight": 0.9788451194763184
    }, 
    {
      "source": 3, 
      "target": 6, 
      "weight": 0.982842206954956
    }, 
    {
      "source": 2, 
      "target": 12, 
      "weight": 0.8855268955230714
    }, 
    {
      "source": 15, 
      "target": 8, 
      "weight": 0.9800658226013184
    }, 
    {
      "source": 4, 
      "target": 3, 
      "weight": 0.9870121479034424
    }, 
    {
      "source": 17, 
      "target": 20, 
      "weight": 0.976356029510498
    }
  ]
}